,Unnamed: 0,filenames,folder_name,durations,view,labels,metadata
46,14,Sample0002_color_0015.mp4,train,79,center,"[1.0, 0.0, 0.0, 0.0, 0.0, 0.0, 0.0, 0.0, 0.0, 0.0, 0.0, 0.0, 0.0, 0.0, 0.0, 0.0, 0.0]","{'sample_id': '0002_0015', 'start_frame': 2481, 'end_frame': 2560, 'label_txt': 'Turtling neck and shoulder', 'label': 1, 'view': 'center', 'filenames': 'Sample0002_color_0015.mp4', 'durations': 79}"
52,20,Sample0002_color_0021.mp4,train,60,center,"[1.0, 0.0, 0.0, 0.0, 0.0, 0.0, 0.0, 0.0, 0.0, 0.0, 0.0, 0.0, 0.0, 0.0, 0.0, 0.0, 0.0]","{'sample_id': '0002_0021', 'start_frame': 9693, 'end_frame': 9753, 'label_txt': 'Turtling neck and shoulder', 'label': 1, 'view': 'center', 'filenames': 'Sample0002_color_0021.mp4', 'durations': 60}"
53,21,Sample0002_color_0022.mp4,train,91,center,"[1.0, 0.0, 0.0, 0.0, 0.0, 0.0, 0.0, 0.0, 0.0, 0.0, 0.0, 0.0, 0.0, 0.0, 0.0, 0.0, 0.0]","{'sample_id': '0002_0022', 'start_frame': 11189, 'end_frame': 11280, 'label_txt': 'Turtling neck and shoulder', 'label': 1, 'view': 'center', 'filenames': 'Sample0002_color_0022.mp4', 'durations': 91}"
55,23,Sample0002_color_0024.mp4,train,62,center,"[1.0, 0.0, 0.0, 0.0, 0.0, 0.0, 0.0, 0.0, 0.0, 0.0, 0.0, 0.0, 0.0, 0.0, 0.0, 0.0, 0.0]","{'sample_id': '0002_0024', 'start_frame': 12466, 'end_frame': 12528, 'label_txt': 'Turtling neck and shoulder', 'label': 1, 'view': 'center', 'filenames': 'Sample0002_color_0024.mp4', 'durations': 62}"
56,24,Sample0002_color_0025.mp4,train,74,center,"[1.0, 0.0, 0.0, 0.0, 0.0, 0.0, 0.0, 0.0, 0.0, 0.0, 0.0, 0.0, 0.0, 0.0, 0.0, 0.0, 0.0]","{'sample_id': '0002_0025', 'start_frame': 13657, 'end_frame': 13731, 'label_txt': 'Turtling neck and shoulder', 'label': 1, 'view': 'center', 'filenames': 'Sample0002_color_0025.mp4', 'durations': 74}"
381,10,Sample0008_color_0011.mp4,train,38,center,"[1.0, 0.0, 0.0, 0.0, 0.0, 0.0, 0.0, 0.0, 0.0, 0.0, 0.0, 0.0, 0.0, 0.0, 0.0, 0.0, 0.0]","{'sample_id': '0008_0011', 'start_frame': 4490, 'end_frame': 4528, 'label_txt': 'Turtling neck and shoulder', 'label': 1, 'view': 'center', 'filenames': 'Sample0008_color_0011.mp4', 'durations': 38}"
389,18,Sample0008_color_0019.mp4,train,38,center,"[1.0, 0.0, 0.0, 0.0, 0.0, 0.0, 0.0, 0.0, 0.0, 0.0, 0.0, 0.0, 0.0, 0.0, 0.0, 0.0, 0.0]","{'sample_id': '0008_0019', 'start_frame': 5875, 'end_frame': 5913, 'label_txt': 'Turtling neck and shoulder', 'label': 1, 'view': 'center', 'filenames': 'Sample0008_color_0019.mp4', 'durations': 38}"
407,36,Sample0008_color_0037.mp4,train,34,center,"[1.0, 0.0, 0.0, 0.0, 0.0, 0.0, 0.0, 0.0, 0.0, 0.0, 0.0, 0.0, 0.0, 0.0, 0.0, 0.0, 0.0]","{'sample_id': '0008_0037', 'start_frame': 8192, 'end_frame': 8226, 'label_txt': 'Turtling neck and shoulder', 'label': 1, 'view': 'center', 'filenames': 'Sample0008_color_0037.mp4', 'durations': 34}"
448,77,Sample0008_color_0078.mp4,train,22,center,"[1.0, 0.0, 0.0, 0.0, 0.0, 0.0, 0.0, 0.0, 0.0, 0.0, 0.0, 0.0, 0.0, 0.0, 0.0, 0.0, 0.0]","{'sample_id': '0008_0078', 'start_frame': 20256, 'end_frame': 20278, 'label_txt': 'Turtling neck and shoulder', 'label': 1, 'view': 'center', 'filenames': 'Sample0008_color_0078.mp4', 'durations': 22}"
452,81,Sample0008_color_0082.mp4,train,39,center,"[1.0, 0.0, 0.0, 0.0, 0.0, 0.0, 0.0, 0.0, 0.0, 0.0, 0.0, 0.0, 0.0, 0.0, 0.0, 0.0, 0.0]","{'sample_id': '0008_0082', 'start_frame': 21228, 'end_frame': 21267, 'label_txt': 'Turtling neck and shoulder', 'label': 1, 'view': 'center', 'filenames': 'Sample0008_color_0082.mp4', 'durations': 39}"
552,17,Sample0010_color_0018.mp4,train,45,center,"[1.0, 0.0, 0.0, 0.0, 0.0, 0.0, 0.0, 0.0, 0.0, 0.0, 0.0, 0.0, 0.0, 0.0, 0.0, 0.0, 0.0]","{'sample_id': '0010_0018', 'start_frame': 2821, 'end_frame': 2866, 'label_txt': 'Turtling neck and shoulder', 'label': 1, 'view': 'center', 'filenames': 'Sample0010_color_0018.mp4', 'durations': 45}"
571,36,Sample0010_color_0037.mp4,train,40,center,"[1.0, 0.0, 0.0, 0.0, 0.0, 0.0, 0.0, 0.0, 0.0, 0.0, 0.0, 0.0, 0.0, 0.0, 0.0, 0.0, 0.0]","{'sample_id': '0010_0037', 'start_frame': 7683, 'end_frame': 7723, 'label_txt': 'Turtling neck and shoulder', 'label': 1, 'view': 'center', 'filenames': 'Sample0010_color_0037.mp4', 'durations': 40}"
572,37,Sample0010_color_0038.mp4,train,62,center,"[1.0, 0.0, 0.0, 0.0, 0.0, 0.0, 0.0, 0.0, 0.0, 0.0, 0.0, 0.0, 0.0, 0.0, 0.0, 0.0, 0.0]","{'sample_id': '0010_0038', 'start_frame': 8118, 'end_frame': 8180, 'label_txt': 'Turtling neck and shoulder', 'label': 1, 'view': 'center', 'filenames': 'Sample0010_color_0038.mp4', 'durations': 62}"
579,44,Sample0010_color_0045.mp4,train,35,center,"[1.0, 0.0, 0.0, 0.0, 0.0, 0.0, 0.0, 0.0, 0.0, 0.0, 0.0, 0.0, 0.0, 0.0, 0.0, 0.0, 0.0]","{'sample_id': '0010_0045', 'start_frame': 9479, 'end_frame': 9514, 'label_txt': 'Turtling neck and shoulder', 'label': 1, 'view': 'center', 'filenames': 'Sample0010_color_0045.mp4', 'durations': 35}"
117,34,Sample0004_color_0035.mp4,train,271,center,"[0.0, 1.0, 0.0, 0.0, 0.0, 0.0, 0.0, 0.0, 0.0, 0.0, 0.0, 0.0, 0.0, 0.0, 0.0, 0.0, 0.0]","{'sample_id': '0004_0035', 'start_frame': 10218, 'end_frame': 10489, 'label_txt': 'Rubbing eyes and forehead', 'label': 2, 'view': 'center', 'filenames': 'Sample0004_color_0035.mp4', 'durations': 271}"
118,35,Sample0004_color_0036.mp4,train,84,center,"[0.0, 1.0, 0.0, 0.0, 0.0, 0.0, 0.0, 0.0, 0.0, 0.0, 0.0, 0.0, 0.0, 0.0, 0.0, 0.0, 0.0]","{'sample_id': '0004_0036', 'start_frame': 10571, 'end_frame': 10655, 'label_txt': 'Rubbing eyes and forehead', 'label': 2, 'view': 'center', 'filenames': 'Sample0004_color_0036.mp4', 'durations': 84}"
124,41,Sample0004_color_0042.mp4,train,84,center,"[0.0, 1.0, 0.0, 0.0, 0.0, 0.0, 0.0, 0.0, 0.0, 0.0, 0.0, 0.0, 0.0, 0.0, 0.0, 0.0, 0.0]","{'sample_id': '0004_0042', 'start_frame': 11898, 'end_frame': 11982, 'label_txt': 'Rubbing eyes and forehead', 'label': 2, 'view': 'center', 'filenames': 'Sample0004_color_0042.mp4', 'durations': 84}"
143,60,Sample0004_color_0061.mp4,train,71,center,"[0.0, 1.0, 0.0, 0.0, 0.0, 0.0, 0.0, 0.0, 0.0, 0.0, 0.0, 0.0, 0.0, 0.0, 0.0, 0.0, 0.0]","{'sample_id': '0004_0061', 'start_frame': 20027, 'end_frame': 20098, 'label_txt': 'Rubbing eyes and forehead', 'label': 2, 'view': 'center', 'filenames': 'Sample0004_color_0061.mp4', 'durations': 71}"
307,18,Sample0006_color_0019.mp4,train,66,center,"[0.0, 1.0, 0.0, 0.0, 0.0, 0.0, 0.0, 0.0, 0.0, 0.0, 0.0, 0.0, 0.0, 0.0, 0.0, 0.0, 0.0]","{'sample_id': '0006_0019', 'start_frame': 8795, 'end_frame': 8861, 'label_txt': 'Rubbing eyes and forehead', 'label': 2, 'view': 'center', 'filenames': 'Sample0006_color_0019.mp4', 'durations': 66}"
469,98,Sample0008_color_0099.mp4,train,56,center,"[0.0, 1.0, 0.0, 0.0, 0.0, 0.0, 0.0, 0.0, 0.0, 0.0, 0.0, 0.0, 0.0, 0.0, 0.0, 0.0, 0.0]","{'sample_id': '0008_0099', 'start_frame': 23708, 'end_frame': 23764, 'label_txt': 'Rubbing eyes and forehead', 'label': 2, 'view': 'center', 'filenames': 'Sample0008_color_0099.mp4', 'durations': 56}"
470,99,Sample0008_color_0100.mp4,train,73,center,"[0.0, 1.0, 0.0, 0.0, 0.0, 0.0, 0.0, 0.0, 0.0, 0.0, 0.0, 0.0, 0.0, 0.0, 0.0, 0.0, 0.0]","{'sample_id': '0008_0100', 'start_frame': 23943, 'end_frame': 24016, 'label_txt': 'Rubbing eyes and forehead', 'label': 2, 'view': 'center', 'filenames': 'Sample0008_color_0100.mp4', 'durations': 73}"
702,4,Sample0011_color_0005.mp4,train,40,center,"[0.0, 1.0, 0.0, 0.0, 0.0, 0.0, 0.0, 0.0, 0.0, 0.0, 0.0, 0.0, 0.0, 0.0, 0.0, 0.0, 0.0]","{'sample_id': '0011_0005', 'start_frame': 4073, 'end_frame': 4113, 'label_txt': 'Rubbing eyes and forehead', 'label': 2, 'view': 'center', 'filenames': 'Sample0011_color_0005.mp4', 'durations': 40}"
704,6,Sample0011_color_0007.mp4,train,80,center,"[0.0, 1.0, 0.0, 0.0, 0.0, 0.0, 0.0, 0.0, 0.0, 0.0, 0.0, 0.0, 0.0, 0.0, 0.0, 0.0, 0.0]","{'sample_id': '0011_0007', 'start_frame': 4663, 'end_frame': 4743, 'label_txt': 'Rubbing eyes and forehead', 'label': 2, 'view': 'center', 'filenames': 'Sample0011_color_0007.mp4', 'durations': 80}"
711,13,Sample0011_color_0014.mp4,train,87,center,"[0.0, 1.0, 0.0, 0.0, 0.0, 0.0, 0.0, 0.0, 0.0, 0.0, 0.0, 0.0, 0.0, 0.0, 0.0, 0.0, 0.0]","{'sample_id': '0011_0014', 'start_frame': 8566, 'end_frame': 8653, 'label_txt': 'Rubbing eyes and forehead', 'label': 2, 'view': 'center', 'filenames': 'Sample0011_color_0014.mp4', 'durations': 87}"
715,17,Sample0011_color_0018.mp4,train,46,center,"[0.0, 1.0, 0.0, 0.0, 0.0, 0.0, 0.0, 0.0, 0.0, 0.0, 0.0, 0.0, 0.0, 0.0, 0.0, 0.0, 0.0]","{'sample_id': '0011_0018', 'start_frame': 11642, 'end_frame': 11688, 'label_txt': 'Rubbing eyes and forehead', 'label': 2, 'view': 'center', 'filenames': 'Sample0011_color_0018.mp4', 'durations': 46}"
720,22,Sample0011_color_0023.mp4,train,38,center,"[0.0, 1.0, 0.0, 0.0, 0.0, 0.0, 0.0, 0.0, 0.0, 0.0, 0.0, 0.0, 0.0, 0.0, 0.0, 0.0, 0.0]","{'sample_id': '0011_0023', 'start_frame': 14274, 'end_frame': 14312, 'label_txt': 'Rubbing eyes and forehead', 'label': 2, 'view': 'center', 'filenames': 'Sample0011_color_0023.mp4', 'durations': 38}"
727,29,Sample0011_color_0030.mp4,train,125,center,"[0.0, 1.0, 0.0, 0.0, 0.0, 0.0, 0.0, 0.0, 0.0, 0.0, 0.0, 0.0, 0.0, 0.0, 0.0, 0.0, 0.0]","{'sample_id': '0011_0030', 'start_frame': 18620, 'end_frame': 18745, 'label_txt': 'Rubbing eyes and forehead', 'label': 2, 'view': 'center', 'filenames': 'Sample0011_color_0030.mp4', 'durations': 125}"
729,31,Sample0011_color_0032.mp4,train,41,center,"[0.0, 1.0, 0.0, 0.0, 0.0, 0.0, 0.0, 0.0, 0.0, 0.0, 0.0, 0.0, 0.0, 0.0, 0.0, 0.0, 0.0]","{'sample_id': '0011_0032', 'start_frame': 19892, 'end_frame': 19933, 'label_txt': 'Rubbing eyes and forehead', 'label': 2, 'view': 'center', 'filenames': 'Sample0011_color_0032.mp4', 'durations': 41}"
1321,54,Sample0017_color_0055.mp4,train,60,center,"[0.0, 1.0, 0.0, 0.0, 0.0, 0.0, 0.0, 0.0, 0.0, 0.0, 0.0, 0.0, 0.0, 0.0, 0.0, 0.0, 0.0]","{'sample_id': '0017_0055', 'start_frame': 9372, 'end_frame': 9432, 'label_txt': 'Rubbing eyes and forehead', 'label': 2, 'view': 'center', 'filenames': 'Sample0017_color_0055.mp4', 'durations': 60}"
1563,38,Sample0020_color_0039.mp4,train,57,center,"[0.0, 1.0, 0.0, 0.0, 0.0, 0.0, 0.0, 0.0, 0.0, 0.0, 0.0, 0.0, 0.0, 0.0, 0.0, 0.0, 0.0]","{'sample_id': '0020_0039', 'start_frame': 11226, 'end_frame': 11283, 'label_txt': 'Rubbing eyes and forehead', 'label': 2, 'view': 'center', 'filenames': 'Sample0020_color_0039.mp4', 'durations': 57}"
2256,233,Sample0027_color_0234.mp4,train,69,center,"[0.0, 1.0, 0.0, 0.0, 0.0, 0.0, 0.0, 0.0, 0.0, 0.0, 0.0, 0.0, 0.0, 0.0, 0.0, 0.0, 0.0]","{'sample_id': '0027_0234', 'start_frame': 23833, 'end_frame': 23902, 'label_txt': 'Rubbing eyes and forehead', 'label': 2, 'view': 'center', 'filenames': 'Sample0027_color_0234.mp4', 'durations': 69}"
366,1,Sample0007_color_0002.mp4,train,95,center,"[0.0, 0.0, 1.0, 0.0, 0.0, 0.0, 0.0, 0.0, 0.0, 0.0, 0.0, 0.0, 0.0, 0.0, 0.0, 0.0, 0.0]","{'sample_id': '0007_0002', 'start_frame': 2599, 'end_frame': 2694, 'label_txt': 'Folding arms', 'label': 3, 'view': 'center', 'filenames': 'Sample0007_color_0002.mp4', 'durations': 95}"
494,21,Sample0009_color_0022.mp4,train,51,center,"[0.0, 0.0, 1.0, 0.0, 0.0, 0.0, 0.0, 0.0, 0.0, 0.0, 0.0, 0.0, 0.0, 0.0, 0.0, 0.0, 0.0]","{'sample_id': '0009_0022', 'start_frame': 9825, 'end_frame': 9876, 'label_txt': 'Folding arms', 'label': 3, 'view': 'center', 'filenames': 'Sample0009_color_0022.mp4', 'durations': 51}"
598,63,Sample0010_color_0064.mp4,train,7,center,"[0.0, 0.0, 1.0, 0.0, 0.0, 0.0, 0.0, 0.0, 0.0, 0.0, 0.0, 0.0, 0.0, 0.0, 0.0, 0.0, 0.0]","{'sample_id': '0010_0064', 'start_frame': 11071, 'end_frame': 11078, 'label_txt': 'Folding arms', 'label': 3, 'view': 'center', 'filenames': 'Sample0010_color_0064.mp4', 'durations': 7}"
696,161,Sample0010_color_0162.mp4,train,12,center,"[0.0, 0.0, 1.0, 0.0, 0.0, 0.0, 0.0, 0.0, 0.0, 0.0, 0.0, 0.0, 0.0, 0.0, 0.0, 0.0, 0.0]","{'sample_id': '0010_0162', 'start_frame': 26183, 'end_frame': 26195, 'label_txt': 'Folding arms', 'label': 3, 'view': 'center', 'filenames': 'Sample0010_color_0162.mp4', 'durations': 12}"
728,30,Sample0011_color_0031.mp4,train,11,center,"[0.0, 0.0, 1.0, 0.0, 0.0, 0.0, 0.0, 0.0, 0.0, 0.0, 0.0, 0.0, 0.0, 0.0, 0.0, 0.0, 0.0]","{'sample_id': '0011_0031', 'start_frame': 18745, 'end_frame': 18756, 'label_txt': 'Folding arms', 'label': 3, 'view': 'center', 'filenames': 'Sample0011_color_0031.mp4', 'durations': 11}"
1266,95,Sample0016_color_0096.mp4,train,20,center,"[0.0, 0.0, 1.0, 0.0, 0.0, 0.0, 0.0, 0.0, 0.0, 0.0, 0.0, 0.0, 0.0, 0.0, 0.0, 0.0, 0.0]","{'sample_id': '0016_0096', 'start_frame': 22409, 'end_frame': 22429, 'label_txt': 'Folding arms', 'label': 3, 'view': 'center', 'filenames': 'Sample0016_color_0096.mp4', 'durations': 20}"
1452,5,Sample0019_color_0006.mp4,train,31,center,"[0.0, 0.0, 1.0, 0.0, 0.0, 0.0, 0.0, 0.0, 0.0, 0.0, 0.0, 0.0, 0.0, 0.0, 0.0, 0.0, 0.0]","{'sample_id': '0019_0006', 'start_frame': 1513, 'end_frame': 1544, 'label_txt': 'Folding arms', 'label': 3, 'view': 'center', 'filenames': 'Sample0019_color_0006.mp4', 'durations': 31}"
1489,42,Sample0019_color_0043.mp4,train,37,center,"[0.0, 0.0, 1.0, 0.0, 0.0, 0.0, 0.0, 0.0, 0.0, 0.0, 0.0, 0.0, 0.0, 0.0, 0.0, 0.0, 0.0]","{'sample_id': '0019_0043', 'start_frame': 16563, 'end_frame': 16600, 'label_txt': 'Folding arms', 'label': 3, 'view': 'center', 'filenames': 'Sample0019_color_0043.mp4', 'durations': 37}"
1520,73,Sample0019_color_0074.mp4,train,10,center,"[0.0, 0.0, 1.0, 0.0, 0.0, 0.0, 0.0, 0.0, 0.0, 0.0, 0.0, 0.0, 0.0, 0.0, 0.0, 0.0, 0.0]","{'sample_id': '0019_0074', 'start_frame': 23800, 'end_frame': 23810, 'label_txt': 'Folding arms', 'label': 3, 'view': 'center', 'filenames': 'Sample0019_color_0074.mp4', 'durations': 10}"
650,115,Sample0010_color_0116.mp4,train,41,center,"[0.0, 0.0, 0.0, 1.0, 0.0, 0.0, 0.0, 0.0, 0.0, 0.0, 0.0, 0.0, 0.0, 0.0, 0.0, 0.0, 0.0]","{'sample_id': '0010_0116', 'start_frame': 18720, 'end_frame': 18761, 'label_txt': 'Touching or covering suprasternal notch', 'label': 4, 'view': 'center', 'filenames': 'Sample0010_color_0116.mp4', 'durations': 41}"
1048,49,Sample0015_color_0050.mp4,train,33,center,"[0.0, 0.0, 0.0, 1.0, 0.0, 0.0, 0.0, 0.0, 0.0, 0.0, 0.0, 0.0, 0.0, 0.0, 0.0, 0.0, 0.0]","{'sample_id': '0015_0050', 'start_frame': 8444, 'end_frame': 8477, 'label_txt': 'Touching or covering suprasternal notch', 'label': 4, 'view': 'center', 'filenames': 'Sample0015_color_0050.mp4', 'durations': 33}"
1049,50,Sample0015_color_0051.mp4,train,88,center,"[0.0, 0.0, 0.0, 1.0, 0.0, 0.0, 0.0, 0.0, 0.0, 0.0, 0.0, 0.0, 0.0, 0.0, 0.0, 0.0, 0.0]","{'sample_id': '0015_0051', 'start_frame': 8743, 'end_frame': 8831, 'label_txt': 'Touching or covering suprasternal notch', 'label': 4, 'view': 'center', 'filenames': 'Sample0015_color_0051.mp4', 'durations': 88}"
1070,71,Sample0015_color_0072.mp4,train,10,center,"[0.0, 0.0, 0.0, 1.0, 0.0, 0.0, 0.0, 0.0, 0.0, 0.0, 0.0, 0.0, 0.0, 0.0, 0.0, 0.0, 0.0]","{'sample_id': '0015_0072', 'start_frame': 13553, 'end_frame': 13563, 'label_txt': 'Touching or covering suprasternal notch', 'label': 4, 'view': 'center', 'filenames': 'Sample0015_color_0072.mp4', 'durations': 10}"
1118,119,Sample0015_color_0120.mp4,train,110,center,"[0.0, 0.0, 0.0, 1.0, 0.0, 0.0, 0.0, 0.0, 0.0, 0.0, 0.0, 0.0, 0.0, 0.0, 0.0, 0.0, 0.0]","{'sample_id': '0015_0120', 'start_frame': 19472, 'end_frame': 19582, 'label_txt': 'Touching or covering suprasternal notch', 'label': 4, 'view': 'center', 'filenames': 'Sample0015_color_0120.mp4', 'durations': 110}"
1126,127,Sample0015_color_0128.mp4,train,19,center,"[0.0, 0.0, 0.0, 1.0, 0.0, 0.0, 0.0, 0.0, 0.0, 0.0, 0.0, 0.0, 0.0, 0.0, 0.0, 0.0, 0.0]","{'sample_id': '0015_0128', 'start_frame': 19924, 'end_frame': 19943, 'label_txt': 'Touching or covering suprasternal notch', 'label': 4, 'view': 'center', 'filenames': 'Sample0015_color_0128.mp4', 'durations': 19}"
1150,151,Sample0015_color_0152.mp4,train,65,center,"[0.0, 0.0, 0.0, 1.0, 0.0, 0.0, 0.0, 0.0, 0.0, 0.0, 0.0, 0.0, 0.0, 0.0, 0.0, 0.0, 0.0]","{'sample_id': '0015_0152', 'start_frame': 24076, 'end_frame': 24141, 'label_txt': 'Touching or covering suprasternal notch', 'label': 4, 'view': 'center', 'filenames': 'Sample0015_color_0152.mp4', 'durations': 65}"
1159,160,Sample0015_color_0161.mp4,train,90,center,"[0.0, 0.0, 0.0, 1.0, 0.0, 0.0, 0.0, 0.0, 0.0, 0.0, 0.0, 0.0, 0.0, 0.0, 0.0, 0.0, 0.0]","{'sample_id': '0015_0161', 'start_frame': 25271, 'end_frame': 25361, 'label_txt': 'Touching or covering suprasternal notch', 'label': 4, 'view': 'center', 'filenames': 'Sample0015_color_0161.mp4', 'durations': 90}"
1929,27,Sample0026_color_0028.mp4,train,25,center,"[0.0, 0.0, 0.0, 1.0, 0.0, 0.0, 0.0, 0.0, 0.0, 0.0, 0.0, 0.0, 0.0, 0.0, 0.0, 0.0, 0.0]","{'sample_id': '0026_0028', 'start_frame': 10153, 'end_frame': 10178, 'label_txt': 'Touching or covering suprasternal notch', 'label': 4, 'view': 'center', 'filenames': 'Sample0026_color_0028.mp4', 'durations': 25}"
1036,37,Sample0015_color_0038.mp4,train,125,center,"[0.0, 0.0, 0.0, 0.0, 1.0, 0.0, 0.0, 0.0, 0.0, 0.0, 0.0, 0.0, 0.0, 0.0, 0.0, 0.0, 0.0]","{'sample_id': '0015_0038', 'start_frame': 6660, 'end_frame': 6785, 'label_txt': 'Moving legs', 'label': 5, 'view': 'center', 'filenames': 'Sample0015_color_0038.mp4', 'durations': 125}"
1041,42,Sample0015_color_0043.mp4,train,76,center,"[0.0, 0.0, 0.0, 0.0, 1.0, 0.0, 0.0, 0.0, 0.0, 0.0, 0.0, 0.0, 0.0, 0.0, 0.0, 0.0, 0.0]","{'sample_id': '0015_0043', 'start_frame': 7125, 'end_frame': 7201, 'label_txt': 'Moving legs', 'label': 5, 'view': 'center', 'filenames': 'Sample0015_color_0043.mp4', 'durations': 76}"
1139,140,Sample0015_color_0141.mp4,train,92,center,"[0.0, 0.0, 0.0, 0.0, 1.0, 0.0, 0.0, 0.0, 0.0, 0.0, 0.0, 0.0, 0.0, 0.0, 0.0, 0.0, 0.0]","{'sample_id': '0015_0141', 'start_frame': 21480, 'end_frame': 21572, 'label_txt': 'Moving legs', 'label': 5, 'view': 'center', 'filenames': 'Sample0015_color_0141.mp4', 'durations': 92}"
1141,142,Sample0015_color_0143.mp4,train,47,center,"[0.0, 0.0, 0.0, 0.0, 1.0, 0.0, 0.0, 0.0, 0.0, 0.0, 0.0, 0.0, 0.0, 0.0, 0.0, 0.0, 0.0]","{'sample_id': '0015_0143', 'start_frame': 22116, 'end_frame': 22163, 'label_txt': 'Moving legs', 'label': 5, 'view': 'center', 'filenames': 'Sample0015_color_0143.mp4', 'durations': 47}"
1161,162,Sample0015_color_0163.mp4,train,118,center,"[0.0, 0.0, 0.0, 0.0, 1.0, 0.0, 0.0, 0.0, 0.0, 0.0, 0.0, 0.0, 0.0, 0.0, 0.0, 0.0, 0.0]","{'sample_id': '0015_0163', 'start_frame': 25457, 'end_frame': 25575, 'label_txt': 'Moving legs', 'label': 5, 'view': 'center', 'filenames': 'Sample0015_color_0163.mp4', 'durations': 118}"
1165,166,Sample0015_color_0167.mp4,train,94,center,"[0.0, 0.0, 0.0, 0.0, 1.0, 0.0, 0.0, 0.0, 0.0, 0.0, 0.0, 0.0, 0.0, 0.0, 0.0, 0.0, 0.0]","{'sample_id': '0015_0167', 'start_frame': 26159, 'end_frame': 26253, 'label_txt': 'Moving legs', 'label': 5, 'view': 'center', 'filenames': 'Sample0015_color_0167.mp4', 'durations': 94}"
1261,90,Sample0016_color_0091.mp4,train,43,center,"[0.0, 0.0, 0.0, 0.0, 1.0, 0.0, 0.0, 0.0, 0.0, 0.0, 0.0, 0.0, 0.0, 0.0, 0.0, 0.0, 0.0]","{'sample_id': '0016_0091', 'start_frame': 21363, 'end_frame': 21406, 'label_txt': 'Moving legs', 'label': 5, 'view': 'center', 'filenames': 'Sample0016_color_0091.mp4', 'durations': 43}"
1326,59,Sample0017_color_0060.mp4,train,123,center,"[0.0, 0.0, 0.0, 0.0, 1.0, 0.0, 0.0, 0.0, 0.0, 0.0, 0.0, 0.0, 0.0, 0.0, 0.0, 0.0, 0.0]","{'sample_id': '0017_0060', 'start_frame': 11085, 'end_frame': 11208, 'label_txt': 'Moving legs', 'label': 5, 'view': 'center', 'filenames': 'Sample0017_color_0060.mp4', 'durations': 123}"
2152,129,Sample0027_color_0130.mp4,train,40,center,"[0.0, 0.0, 0.0, 0.0, 1.0, 0.0, 0.0, 0.0, 0.0, 0.0, 0.0, 0.0, 0.0, 0.0, 0.0, 0.0, 0.0]","{'sample_id': '0027_0130', 'start_frame': 11670, 'end_frame': 11710, 'label_txt': 'Moving legs', 'label': 5, 'view': 'center', 'filenames': 'Sample0027_color_0130.mp4', 'durations': 40}"
2173,150,Sample0027_color_0151.mp4,train,57,center,"[0.0, 0.0, 0.0, 0.0, 1.0, 0.0, 0.0, 0.0, 0.0, 0.0, 0.0, 0.0, 0.0, 0.0, 0.0, 0.0, 0.0]","{'sample_id': '0027_0151', 'start_frame': 13239, 'end_frame': 13296, 'label_txt': 'Moving legs', 'label': 5, 'view': 'center', 'filenames': 'Sample0027_color_0151.mp4', 'durations': 57}"
695,160,Sample0010_color_0161.mp4,train,53,center,"[0.0, 0.0, 0.0, 0.0, 0.0, 1.0, 0.0, 0.0, 0.0, 0.0, 0.0, 0.0, 0.0, 0.0, 0.0, 0.0, 0.0]","{'sample_id': '0010_0161', 'start_frame': 26129, 'end_frame': 26182, 'label_txt': 'Touching or scratching neck', 'label': 6, 'view': 'center', 'filenames': 'Sample0010_color_0161.mp4', 'durations': 53}"
825,17,Sample0013_color_0018.mp4,train,23,center,"[0.0, 0.0, 0.0, 0.0, 0.0, 1.0, 0.0, 0.0, 0.0, 0.0, 0.0, 0.0, 0.0, 0.0, 0.0, 0.0, 0.0]","{'sample_id': '0013_0018', 'start_frame': 4156, 'end_frame': 4179, 'label_txt': 'Touching or scratching neck', 'label': 6, 'view': 'center', 'filenames': 'Sample0013_color_0018.mp4', 'durations': 23}"
1527,2,Sample0020_color_0003.mp4,train,59,center,"[0.0, 0.0, 0.0, 0.0, 0.0, 1.0, 0.0, 0.0, 0.0, 0.0, 0.0, 0.0, 0.0, 0.0, 0.0, 0.0, 0.0]","{'sample_id': '0020_0003', 'start_frame': 716, 'end_frame': 775, 'label_txt': 'Touching or scratching neck', 'label': 6, 'view': 'center', 'filenames': 'Sample0020_color_0003.mp4', 'durations': 59}"
1551,26,Sample0020_color_0027.mp4,train,62,center,"[0.0, 0.0, 0.0, 0.0, 0.0, 1.0, 0.0, 0.0, 0.0, 0.0, 0.0, 0.0, 0.0, 0.0, 0.0, 0.0, 0.0]","{'sample_id': '0020_0027', 'start_frame': 6543, 'end_frame': 6605, 'label_txt': 'Touching or scratching neck', 'label': 6, 'view': 'center', 'filenames': 'Sample0020_color_0027.mp4', 'durations': 62}"
1562,37,Sample0020_color_0038.mp4,train,70,center,"[0.0, 0.0, 0.0, 0.0, 0.0, 1.0, 0.0, 0.0, 0.0, 0.0, 0.0, 0.0, 0.0, 0.0, 0.0, 0.0, 0.0]","{'sample_id': '0020_0038', 'start_frame': 11131, 'end_frame': 11201, 'label_txt': 'Touching or scratching neck', 'label': 6, 'view': 'center', 'filenames': 'Sample0020_color_0038.mp4', 'durations': 70}"
1823,13,Sample0024_color_0014.mp4,train,59,center,"[0.0, 0.0, 0.0, 0.0, 0.0, 1.0, 0.0, 0.0, 0.0, 0.0, 0.0, 0.0, 0.0, 0.0, 0.0, 0.0, 0.0]","{'sample_id': '0024_0014', 'start_frame': 7591, 'end_frame': 7650, 'label_txt': 'Touching or scratching neck', 'label': 6, 'view': 'center', 'filenames': 'Sample0024_color_0014.mp4', 'durations': 59}"
1832,22,Sample0024_color_0023.mp4,train,80,center,"[0.0, 0.0, 0.0, 0.0, 0.0, 1.0, 0.0, 0.0, 0.0, 0.0, 0.0, 0.0, 0.0, 0.0, 0.0, 0.0, 0.0]","{'sample_id': '0024_0023', 'start_frame': 13085, 'end_frame': 13165, 'label_txt': 'Touching or scratching neck', 'label': 6, 'view': 'center', 'filenames': 'Sample0024_color_0023.mp4', 'durations': 80}"
1844,34,Sample0024_color_0035.mp4,train,131,center,"[0.0, 0.0, 0.0, 0.0, 0.0, 1.0, 0.0, 0.0, 0.0, 0.0, 0.0, 0.0, 0.0, 0.0, 0.0, 0.0, 0.0]","{'sample_id': '0024_0035', 'start_frame': 17334, 'end_frame': 17465, 'label_txt': 'Touching or scratching neck', 'label': 6, 'view': 'center', 'filenames': 'Sample0024_color_0035.mp4', 'durations': 131}"
1851,41,Sample0024_color_0042.mp4,train,92,center,"[0.0, 0.0, 0.0, 0.0, 0.0, 1.0, 0.0, 0.0, 0.0, 0.0, 0.0, 0.0, 0.0, 0.0, 0.0, 0.0, 0.0]","{'sample_id': '0024_0042', 'start_frame': 19200, 'end_frame': 19292, 'label_txt': 'Touching or scratching neck', 'label': 6, 'view': 'center', 'filenames': 'Sample0024_color_0042.mp4', 'durations': 92}"
1852,42,Sample0024_color_0043.mp4,train,131,center,"[0.0, 0.0, 0.0, 0.0, 0.0, 1.0, 0.0, 0.0, 0.0, 0.0, 0.0, 0.0, 0.0, 0.0, 0.0, 0.0, 0.0]","{'sample_id': '0024_0043', 'start_frame': 19386, 'end_frame': 19517, 'label_txt': 'Touching or scratching neck', 'label': 6, 'view': 'center', 'filenames': 'Sample0024_color_0043.mp4', 'durations': 131}"
1854,44,Sample0024_color_0045.mp4,train,39,center,"[0.0, 0.0, 0.0, 0.0, 0.0, 1.0, 0.0, 0.0, 0.0, 0.0, 0.0, 0.0, 0.0, 0.0, 0.0, 0.0, 0.0]","{'sample_id': '0024_0045', 'start_frame': 19879, 'end_frame': 19918, 'label_txt': 'Touching or scratching neck', 'label': 6, 'view': 'center', 'filenames': 'Sample0024_color_0045.mp4', 'durations': 39}"
1856,46,Sample0024_color_0047.mp4,train,57,center,"[0.0, 0.0, 0.0, 0.0, 0.0, 1.0, 0.0, 0.0, 0.0, 0.0, 0.0, 0.0, 0.0, 0.0, 0.0, 0.0, 0.0]","{'sample_id': '0024_0047', 'start_frame': 20093, 'end_frame': 20150, 'label_txt': 'Touching or scratching neck', 'label': 6, 'view': 'center', 'filenames': 'Sample0024_color_0047.mp4', 'durations': 57}"
1982,80,Sample0026_color_0081.mp4,train,37,center,"[0.0, 0.0, 0.0, 0.0, 0.0, 1.0, 0.0, 0.0, 0.0, 0.0, 0.0, 0.0, 0.0, 0.0, 0.0, 0.0, 0.0]","{'sample_id': '0026_0081', 'start_frame': 21206, 'end_frame': 21243, 'label_txt': 'Touching or scratching neck', 'label': 6, 'view': 'center', 'filenames': 'Sample0026_color_0081.mp4', 'durations': 37}"
567,32,Sample0010_color_0033.mp4,train,14,center,"[0.0, 0.0, 0.0, 0.0, 0.0, 0.0, 1.0, 0.0, 0.0, 0.0, 0.0, 0.0, 0.0, 0.0, 0.0, 0.0, 0.0]","{'sample_id': '0010_0033', 'start_frame': 4175, 'end_frame': 4189, 'label_txt': 'Folding arms behind body', 'label': 7, 'view': 'center', 'filenames': 'Sample0010_color_0033.mp4', 'durations': 14}"
569,34,Sample0010_color_0035.mp4,train,22,center,"[0.0, 0.0, 0.0, 0.0, 0.0, 0.0, 1.0, 0.0, 0.0, 0.0, 0.0, 0.0, 0.0, 0.0, 0.0, 0.0, 0.0]","{'sample_id': '0010_0035', 'start_frame': 6025, 'end_frame': 6047, 'label_txt': 'Folding arms behind body', 'label': 7, 'view': 'center', 'filenames': 'Sample0010_color_0035.mp4', 'durations': 22}"
606,71,Sample0010_color_0072.mp4,train,9,center,"[0.0, 0.0, 0.0, 0.0, 0.0, 0.0, 1.0, 0.0, 0.0, 0.0, 0.0, 0.0, 0.0, 0.0, 0.0, 0.0, 0.0]","{'sample_id': '0010_0072', 'start_frame': 12284, 'end_frame': 12293, 'label_txt': 'Folding arms behind body', 'label': 7, 'view': 'center', 'filenames': 'Sample0010_color_0072.mp4', 'durations': 9}"
615,80,Sample0010_color_0081.mp4,train,13,center,"[0.0, 0.0, 0.0, 0.0, 0.0, 0.0, 1.0, 0.0, 0.0, 0.0, 0.0, 0.0, 0.0, 0.0, 0.0, 0.0, 0.0]","{'sample_id': '0010_0081', 'start_frame': 12922, 'end_frame': 12935, 'label_txt': 'Folding arms behind body', 'label': 7, 'view': 'center', 'filenames': 'Sample0010_color_0081.mp4', 'durations': 13}"
617,82,Sample0010_color_0083.mp4,train,14,center,"[0.0, 0.0, 0.0, 0.0, 0.0, 0.0, 1.0, 0.0, 0.0, 0.0, 0.0, 0.0, 0.0, 0.0, 0.0, 0.0, 0.0]","{'sample_id': '0010_0083', 'start_frame': 13717, 'end_frame': 13731, 'label_txt': 'Folding arms behind body', 'label': 7, 'view': 'center', 'filenames': 'Sample0010_color_0083.mp4', 'durations': 14}"
623,88,Sample0010_color_0089.mp4,train,10,center,"[0.0, 0.0, 0.0, 0.0, 0.0, 0.0, 1.0, 0.0, 0.0, 0.0, 0.0, 0.0, 0.0, 0.0, 0.0, 0.0, 0.0]","{'sample_id': '0010_0089', 'start_frame': 16392, 'end_frame': 16402, 'label_txt': 'Folding arms behind body', 'label': 7, 'view': 'center', 'filenames': 'Sample0010_color_0089.mp4', 'durations': 10}"
660,125,Sample0010_color_0126.mp4,train,14,center,"[0.0, 0.0, 0.0, 0.0, 0.0, 0.0, 1.0, 0.0, 0.0, 0.0, 0.0, 0.0, 0.0, 0.0, 0.0, 0.0, 0.0]","{'sample_id': '0010_0126', 'start_frame': 20217, 'end_frame': 20231, 'label_txt': 'Folding arms behind body', 'label': 7, 'view': 'center', 'filenames': 'Sample0010_color_0126.mp4', 'durations': 14}"
688,153,Sample0010_color_0154.mp4,train,12,center,"[0.0, 0.0, 0.0, 0.0, 0.0, 0.0, 1.0, 0.0, 0.0, 0.0, 0.0, 0.0, 0.0, 0.0, 0.0, 0.0, 0.0]","{'sample_id': '0010_0154', 'start_frame': 24695, 'end_frame': 24707, 'label_txt': 'Folding arms behind body', 'label': 7, 'view': 'center', 'filenames': 'Sample0010_color_0154.mp4', 'durations': 12}"
1390,37,Sample0018_color_0038.mp4,train,10,center,"[0.0, 0.0, 0.0, 0.0, 0.0, 0.0, 1.0, 0.0, 0.0, 0.0, 0.0, 0.0, 0.0, 0.0, 0.0, 0.0, 0.0]","{'sample_id': '0018_0038', 'start_frame': 8714, 'end_frame': 8724, 'label_txt': 'Folding arms behind body', 'label': 7, 'view': 'center', 'filenames': 'Sample0018_color_0038.mp4', 'durations': 10}"
1419,66,Sample0018_color_0067.mp4,train,11,center,"[0.0, 0.0, 0.0, 0.0, 0.0, 0.0, 1.0, 0.0, 0.0, 0.0, 0.0, 0.0, 0.0, 0.0, 0.0, 0.0, 0.0]","{'sample_id': '0018_0067', 'start_frame': 15388, 'end_frame': 15399, 'label_txt': 'Folding arms behind body', 'label': 7, 'view': 'center', 'filenames': 'Sample0018_color_0067.mp4', 'durations': 11}"
1433,80,Sample0018_color_0081.mp4,train,11,center,"[0.0, 0.0, 0.0, 0.0, 0.0, 0.0, 1.0, 0.0, 0.0, 0.0, 0.0, 0.0, 0.0, 0.0, 0.0, 0.0, 0.0]","{'sample_id': '0018_0081', 'start_frame': 18781, 'end_frame': 18792, 'label_txt': 'Folding arms behind body', 'label': 7, 'view': 'center', 'filenames': 'Sample0018_color_0081.mp4', 'durations': 11}"
1437,84,Sample0018_color_0085.mp4,train,12,center,"[0.0, 0.0, 0.0, 0.0, 0.0, 0.0, 1.0, 0.0, 0.0, 0.0, 0.0, 0.0, 0.0, 0.0, 0.0, 0.0, 0.0]","{'sample_id': '0018_0085', 'start_frame': 21455, 'end_frame': 21467, 'label_txt': 'Folding arms behind body', 'label': 7, 'view': 'center', 'filenames': 'Sample0018_color_0085.mp4', 'durations': 12}"
64,0,Sample0003_color_0001.mp4,train,82,center,"[0.0, 0.0, 0.0, 0.0, 0.0, 0.0, 0.0, 1.0, 0.0, 0.0, 0.0, 0.0, 0.0, 0.0, 0.0, 0.0, 0.0]","{'sample_id': '0003_0001', 'start_frame': 285, 'end_frame': 367, 'label_txt': 'Rubbing hands and crossing finger', 'label': 8, 'view': 'center', 'filenames': 'Sample0003_color_0001.mp4', 'durations': 82}"
66,2,Sample0003_color_0003.mp4,train,183,center,"[0.0, 0.0, 0.0, 0.0, 0.0, 0.0, 0.0, 1.0, 0.0, 0.0, 0.0, 0.0, 0.0, 0.0, 0.0, 0.0, 0.0]","{'sample_id': '0003_0003', 'start_frame': 1766, 'end_frame': 1949, 'label_txt': 'Rubbing hands and crossing finger', 'label': 8, 'view': 'center', 'filenames': 'Sample0003_color_0003.mp4', 'durations': 183}"
74,10,Sample0003_color_0011.mp4,train,64,center,"[0.0, 0.0, 0.0, 0.0, 0.0, 0.0, 0.0, 1.0, 0.0, 0.0, 0.0, 0.0, 0.0, 0.0, 0.0, 0.0, 0.0]","{'sample_id': '0003_0011', 'start_frame': 18307, 'end_frame': 18371, 'label_txt': 'Rubbing hands and crossing finger', 'label': 8, 'view': 'center', 'filenames': 'Sample0003_color_0011.mp4', 'durations': 64}"
510,37,Sample0009_color_0038.mp4,train,27,center,"[0.0, 0.0, 0.0, 0.0, 0.0, 0.0, 0.0, 1.0, 0.0, 0.0, 0.0, 0.0, 0.0, 0.0, 0.0, 0.0, 0.0]","{'sample_id': '0009_0038', 'start_frame': 17148, 'end_frame': 17175, 'label_txt': 'Rubbing hands and crossing finger', 'label': 8, 'view': 'center', 'filenames': 'Sample0009_color_0038.mp4', 'durations': 27}"
512,39,Sample0009_color_0040.mp4,train,38,center,"[0.0, 0.0, 0.0, 0.0, 0.0, 0.0, 0.0, 1.0, 0.0, 0.0, 0.0, 0.0, 0.0, 0.0, 0.0, 0.0, 0.0]","{'sample_id': '0009_0040', 'start_frame': 17320, 'end_frame': 17358, 'label_txt': 'Rubbing hands and crossing finger', 'label': 8, 'view': 'center', 'filenames': 'Sample0009_color_0040.mp4', 'durations': 38}"
533,60,Sample0009_color_0061.mp4,train,32,center,"[0.0, 0.0, 0.0, 0.0, 0.0, 0.0, 0.0, 1.0, 0.0, 0.0, 0.0, 0.0, 0.0, 0.0, 0.0, 0.0, 0.0]","{'sample_id': '0009_0061', 'start_frame': 25820, 'end_frame': 25852, 'label_txt': 'Rubbing hands and crossing finger', 'label': 8, 'view': 'center', 'filenames': 'Sample0009_color_0061.mp4', 'durations': 32}"
750,15,Sample0012_color_0016.mp4,train,51,center,"[0.0, 0.0, 0.0, 0.0, 0.0, 0.0, 0.0, 1.0, 0.0, 0.0, 0.0, 0.0, 0.0, 0.0, 0.0, 0.0, 0.0]","{'sample_id': '0012_0016', 'start_frame': 11233, 'end_frame': 11284, 'label_txt': 'Rubbing hands and crossing finger', 'label': 8, 'view': 'center', 'filenames': 'Sample0012_color_0016.mp4', 'durations': 51}"
768,33,Sample0012_color_0034.mp4,train,45,center,"[0.0, 0.0, 0.0, 0.0, 0.0, 0.0, 0.0, 1.0, 0.0, 0.0, 0.0, 0.0, 0.0, 0.0, 0.0, 0.0, 0.0]","{'sample_id': '0012_0034', 'start_frame': 16828, 'end_frame': 16873, 'label_txt': 'Rubbing hands and crossing finger', 'label': 8, 'view': 'center', 'filenames': 'Sample0012_color_0034.mp4', 'durations': 45}"
2312,19,Sample0028_color_0020.mp4,train,15,center,"[0.0, 0.0, 0.0, 0.0, 0.0, 0.0, 0.0, 1.0, 0.0, 0.0, 0.0, 0.0, 0.0, 0.0, 0.0, 0.0, 0.0]","{'sample_id': '0028_0020', 'start_frame': 6004, 'end_frame': 6019, 'label_txt': 'Rubbing hands and crossing finger', 'label': 8, 'view': 'center', 'filenames': 'Sample0028_color_0020.mp4', 'durations': 15}"
88,5,Sample0004_color_0006.mp4,train,31,center,"[0.0, 0.0, 0.0, 0.0, 0.0, 0.0, 0.0, 0.0, 1.0, 0.0, 0.0, 0.0, 0.0, 0.0, 0.0, 0.0, 0.0]","{'sample_id': '0004_0006', 'start_frame': 4314, 'end_frame': 4345, 'label_txt': 'Arms akimbo', 'label': 9, 'view': 'center', 'filenames': 'Sample0004_color_0006.mp4', 'durations': 31}"
95,12,Sample0004_color_0013.mp4,train,45,center,"[0.0, 0.0, 0.0, 0.0, 0.0, 0.0, 0.0, 0.0, 1.0, 0.0, 0.0, 0.0, 0.0, 0.0, 0.0, 0.0, 0.0]","{'sample_id': '0004_0013', 'start_frame': 5794, 'end_frame': 5839, 'label_txt': 'Arms akimbo', 'label': 9, 'view': 'center', 'filenames': 'Sample0004_color_0013.mp4', 'durations': 45}"
130,47,Sample0004_color_0048.mp4,train,27,center,"[0.0, 0.0, 0.0, 0.0, 0.0, 0.0, 0.0, 0.0, 1.0, 0.0, 0.0, 0.0, 0.0, 0.0, 0.0, 0.0, 0.0]","{'sample_id': '0004_0048', 'start_frame': 15331, 'end_frame': 15358, 'label_txt': 'Arms akimbo', 'label': 9, 'view': 'center', 'filenames': 'Sample0004_color_0048.mp4', 'durations': 27}"
131,48,Sample0004_color_0049.mp4,train,78,center,"[0.0, 0.0, 0.0, 0.0, 0.0, 0.0, 0.0, 0.0, 1.0, 0.0, 0.0, 0.0, 0.0, 0.0, 0.0, 0.0, 0.0]","{'sample_id': '0004_0049', 'start_frame': 15764, 'end_frame': 15842, 'label_txt': 'Arms akimbo', 'label': 9, 'view': 'center', 'filenames': 'Sample0004_color_0049.mp4', 'durations': 78}"
397,26,Sample0008_color_0027.mp4,train,41,center,"[0.0, 0.0, 0.0, 0.0, 0.0, 0.0, 0.0, 0.0, 1.0, 0.0, 0.0, 0.0, 0.0, 0.0, 0.0, 0.0, 0.0]","{'sample_id': '0008_0027', 'start_frame': 6816, 'end_frame': 6857, 'label_txt': 'Arms akimbo', 'label': 9, 'view': 'center', 'filenames': 'Sample0008_color_0027.mp4', 'durations': 41}"
535,0,Sample0010_color_0001.mp4,train,63,center,"[0.0, 0.0, 0.0, 0.0, 0.0, 0.0, 0.0, 0.0, 1.0, 0.0, 0.0, 0.0, 0.0, 0.0, 0.0, 0.0, 0.0]","{'sample_id': '0010_0001', 'start_frame': 314, 'end_frame': 377, 'label_txt': 'Arms akimbo', 'label': 9, 'view': 'center', 'filenames': 'Sample0010_color_0001.mp4', 'durations': 63}"
575,40,Sample0010_color_0041.mp4,train,21,center,"[0.0, 0.0, 0.0, 0.0, 0.0, 0.0, 0.0, 0.0, 1.0, 0.0, 0.0, 0.0, 0.0, 0.0, 0.0, 0.0, 0.0]","{'sample_id': '0010_0041', 'start_frame': 9316, 'end_frame': 9337, 'label_txt': 'Arms akimbo', 'label': 9, 'view': 'center', 'filenames': 'Sample0010_color_0041.mp4', 'durations': 21}"
669,134,Sample0010_color_0135.mp4,train,35,center,"[0.0, 0.0, 0.0, 0.0, 0.0, 0.0, 0.0, 0.0, 1.0, 0.0, 0.0, 0.0, 0.0, 0.0, 0.0, 0.0, 0.0]","{'sample_id': '0010_0135', 'start_frame': 20891, 'end_frame': 20926, 'label_txt': 'Arms akimbo', 'label': 9, 'view': 'center', 'filenames': 'Sample0010_color_0135.mp4', 'durations': 35}"
875,67,Sample0013_color_0068.mp4,train,104,center,"[0.0, 0.0, 0.0, 0.0, 0.0, 0.0, 0.0, 0.0, 1.0, 0.0, 0.0, 0.0, 0.0, 0.0, 0.0, 0.0, 0.0]","{'sample_id': '0013_0068', 'start_frame': 12780, 'end_frame': 12884, 'label_txt': 'Arms akimbo', 'label': 9, 'view': 'center', 'filenames': 'Sample0013_color_0068.mp4', 'durations': 104}"
756,21,Sample0012_color_0022.mp4,train,37,center,"[0.0, 0.0, 0.0, 0.0, 0.0, 0.0, 0.0, 0.0, 0.0, 1.0, 0.0, 0.0, 0.0, 0.0, 0.0, 0.0, 0.0]","{'sample_id': '0012_0022', 'start_frame': 13969, 'end_frame': 14006, 'label_txt': 'Crossing legs', 'label': 10, 'view': 'center', 'filenames': 'Sample0012_color_0022.mp4', 'durations': 37}"
1408,55,Sample0018_color_0056.mp4,train,78,center,"[0.0, 0.0, 0.0, 0.0, 0.0, 0.0, 0.0, 0.0, 0.0, 1.0, 0.0, 0.0, 0.0, 0.0, 0.0, 0.0, 0.0]","{'sample_id': '0018_0056', 'start_frame': 11567, 'end_frame': 11645, 'label_txt': 'Crossing legs', 'label': 10, 'view': 'center', 'filenames': 'Sample0018_color_0056.mp4', 'durations': 78}"
1420,67,Sample0018_color_0068.mp4,train,32,center,"[0.0, 0.0, 0.0, 0.0, 0.0, 0.0, 0.0, 0.0, 0.0, 1.0, 0.0, 0.0, 0.0, 0.0, 0.0, 0.0, 0.0]","{'sample_id': '0018_0068', 'start_frame': 15400, 'end_frame': 15432, 'label_txt': 'Crossing legs', 'label': 10, 'view': 'center', 'filenames': 'Sample0018_color_0068.mp4', 'durations': 32}"
1421,68,Sample0018_color_0069.mp4,train,55,center,"[0.0, 0.0, 0.0, 0.0, 0.0, 0.0, 0.0, 0.0, 0.0, 1.0, 0.0, 0.0, 0.0, 0.0, 0.0, 0.0, 0.0]","{'sample_id': '0018_0069', 'start_frame': 16877, 'end_frame': 16932, 'label_txt': 'Crossing legs', 'label': 10, 'view': 'center', 'filenames': 'Sample0018_color_0069.mp4', 'durations': 55}"
1424,71,Sample0018_color_0072.mp4,train,35,center,"[0.0, 0.0, 0.0, 0.0, 0.0, 0.0, 0.0, 0.0, 0.0, 1.0, 0.0, 0.0, 0.0, 0.0, 0.0, 0.0, 0.0]","{'sample_id': '0018_0072', 'start_frame': 17436, 'end_frame': 17471, 'label_txt': 'Crossing legs', 'label': 10, 'view': 'center', 'filenames': 'Sample0018_color_0072.mp4', 'durations': 35}"
1434,81,Sample0018_color_0082.mp4,train,77,center,"[0.0, 0.0, 0.0, 0.0, 0.0, 0.0, 0.0, 0.0, 0.0, 1.0, 0.0, 0.0, 0.0, 0.0, 0.0, 0.0, 0.0]","{'sample_id': '0018_0082', 'start_frame': 19058, 'end_frame': 19135, 'label_txt': 'Crossing legs', 'label': 10, 'view': 'center', 'filenames': 'Sample0018_color_0082.mp4', 'durations': 77}"
1438,85,Sample0018_color_0086.mp4,train,43,center,"[0.0, 0.0, 0.0, 0.0, 0.0, 0.0, 0.0, 0.0, 0.0, 1.0, 0.0, 0.0, 0.0, 0.0, 0.0, 0.0, 0.0]","{'sample_id': '0018_0086', 'start_frame': 21581, 'end_frame': 21624, 'label_txt': 'Crossing legs', 'label': 10, 'view': 'center', 'filenames': 'Sample0018_color_0086.mp4', 'durations': 43}"
1630,18,Sample0021_color_0019.mp4,train,179,center,"[0.0, 0.0, 0.0, 0.0, 0.0, 0.0, 0.0, 0.0, 0.0, 1.0, 0.0, 0.0, 0.0, 0.0, 0.0, 0.0, 0.0]","{'sample_id': '0021_0019', 'start_frame': 7076, 'end_frame': 7255, 'label_txt': 'Crossing legs', 'label': 10, 'view': 'center', 'filenames': 'Sample0021_color_0019.mp4', 'durations': 179}"
1652,40,Sample0021_color_0041.mp4,train,28,center,"[0.0, 0.0, 0.0, 0.0, 0.0, 0.0, 0.0, 0.0, 0.0, 1.0, 0.0, 0.0, 0.0, 0.0, 0.0, 0.0, 0.0]","{'sample_id': '0021_0041', 'start_frame': 19038, 'end_frame': 19066, 'label_txt': 'Crossing legs', 'label': 10, 'view': 'center', 'filenames': 'Sample0021_color_0041.mp4', 'durations': 28}"
1660,48,Sample0021_color_0049.mp4,train,55,center,"[0.0, 0.0, 0.0, 0.0, 0.0, 0.0, 0.0, 0.0, 0.0, 1.0, 0.0, 0.0, 0.0, 0.0, 0.0, 0.0, 0.0]","{'sample_id': '0021_0049', 'start_frame': 23338, 'end_frame': 23393, 'label_txt': 'Crossing legs', 'label': 10, 'view': 'center', 'filenames': 'Sample0021_color_0049.mp4', 'durations': 55}"
2216,193,Sample0027_color_0194.mp4,train,110,center,"[0.0, 0.0, 0.0, 0.0, 0.0, 0.0, 0.0, 0.0, 0.0, 1.0, 0.0, 0.0, 0.0, 0.0, 0.0, 0.0, 0.0]","{'sample_id': '0027_0194', 'start_frame': 18758, 'end_frame': 18868, 'label_txt': 'Crossing legs', 'label': 10, 'view': 'center', 'filenames': 'Sample0027_color_0194.mp4', 'durations': 110}"
645,110,Sample0010_color_0111.mp4,train,44,center,"[0.0, 0.0, 0.0, 0.0, 0.0, 0.0, 0.0, 0.0, 0.0, 0.0, 1.0, 0.0, 0.0, 0.0, 0.0, 0.0, 0.0]","{'sample_id': '0010_0111', 'start_frame': 18304, 'end_frame': 18348, 'label_txt': 'Scratching some part of body', 'label': 11, 'view': 'center', 'filenames': 'Sample0010_color_0111.mp4', 'durations': 44}"
649,114,Sample0010_color_0115.mp4,train,45,center,"[0.0, 0.0, 0.0, 0.0, 0.0, 0.0, 0.0, 0.0, 0.0, 0.0, 1.0, 0.0, 0.0, 0.0, 0.0, 0.0, 0.0]","{'sample_id': '0010_0115', 'start_frame': 18673, 'end_frame': 18718, 'label_txt': 'Scratching some part of body', 'label': 11, 'view': 'center', 'filenames': 'Sample0010_color_0115.mp4', 'durations': 45}"
687,152,Sample0010_color_0153.mp4,train,41,center,"[0.0, 0.0, 0.0, 0.0, 0.0, 0.0, 0.0, 0.0, 0.0, 0.0, 1.0, 0.0, 0.0, 0.0, 0.0, 0.0, 0.0]","{'sample_id': '0010_0153', 'start_frame': 24653, 'end_frame': 24694, 'label_txt': 'Scratching some part of body', 'label': 11, 'view': 'center', 'filenames': 'Sample0010_color_0153.mp4', 'durations': 41}"
827,19,Sample0013_color_0020.mp4,train,48,center,"[0.0, 0.0, 0.0, 0.0, 0.0, 0.0, 0.0, 0.0, 0.0, 0.0, 1.0, 0.0, 0.0, 0.0, 0.0, 0.0, 0.0]","{'sample_id': '0013_0020', 'start_frame': 4238, 'end_frame': 4286, 'label_txt': 'Scratching some part of body', 'label': 11, 'view': 'center', 'filenames': 'Sample0013_color_0020.mp4', 'durations': 48}"
828,20,Sample0013_color_0021.mp4,train,61,center,"[0.0, 0.0, 0.0, 0.0, 0.0, 0.0, 0.0, 0.0, 0.0, 0.0, 1.0, 0.0, 0.0, 0.0, 0.0, 0.0, 0.0]","{'sample_id': '0013_0021', 'start_frame': 4395, 'end_frame': 4456, 'label_txt': 'Scratching some part of body', 'label': 11, 'view': 'center', 'filenames': 'Sample0013_color_0021.mp4', 'durations': 61}"
951,143,Sample0013_color_0144.mp4,train,45,center,"[0.0, 0.0, 0.0, 0.0, 0.0, 0.0, 0.0, 0.0, 0.0, 0.0, 1.0, 0.0, 0.0, 0.0, 0.0, 0.0, 0.0]","{'sample_id': '0013_0144', 'start_frame': 22159, 'end_frame': 22204, 'label_txt': 'Scratching some part of body', 'label': 11, 'view': 'center', 'filenames': 'Sample0013_color_0144.mp4', 'durations': 45}"
1014,15,Sample0015_color_0016.mp4,train,52,center,"[0.0, 0.0, 0.0, 0.0, 0.0, 0.0, 0.0, 0.0, 0.0, 0.0, 1.0, 0.0, 0.0, 0.0, 0.0, 0.0, 0.0]","{'sample_id': '0015_0016', 'start_frame': 2767, 'end_frame': 2819, 'label_txt': 'Scratching some part of body', 'label': 11, 'view': 'center', 'filenames': 'Sample0015_color_0016.mp4', 'durations': 52}"
1057,58,Sample0015_color_0059.mp4,train,95,center,"[0.0, 0.0, 0.0, 0.0, 0.0, 0.0, 0.0, 0.0, 0.0, 0.0, 1.0, 0.0, 0.0, 0.0, 0.0, 0.0, 0.0]","{'sample_id': '0015_0059', 'start_frame': 9862, 'end_frame': 9957, 'label_txt': 'Scratching some part of body', 'label': 11, 'view': 'center', 'filenames': 'Sample0015_color_0059.mp4', 'durations': 95}"
1100,101,Sample0015_color_0102.mp4,train,51,center,"[0.0, 0.0, 0.0, 0.0, 0.0, 0.0, 0.0, 0.0, 0.0, 0.0, 1.0, 0.0, 0.0, 0.0, 0.0, 0.0, 0.0]","{'sample_id': '0015_0102', 'start_frame': 17871, 'end_frame': 17922, 'label_txt': 'Scratching some part of body', 'label': 11, 'view': 'center', 'filenames': 'Sample0015_color_0102.mp4', 'durations': 51}"
1183,12,Sample0016_color_0013.mp4,train,34,center,"[0.0, 0.0, 0.0, 0.0, 0.0, 0.0, 0.0, 0.0, 0.0, 0.0, 1.0, 0.0, 0.0, 0.0, 0.0, 0.0, 0.0]","{'sample_id': '0016_0013', 'start_frame': 3392, 'end_frame': 3426, 'label_txt': 'Scratching some part of body', 'label': 11, 'view': 'center', 'filenames': 'Sample0016_color_0013.mp4', 'durations': 34}"
1215,44,Sample0016_color_0045.mp4,train,12,center,"[0.0, 0.0, 0.0, 0.0, 0.0, 0.0, 0.0, 0.0, 0.0, 0.0, 1.0, 0.0, 0.0, 0.0, 0.0, 0.0, 0.0]","{'sample_id': '0016_0045', 'start_frame': 12962, 'end_frame': 12974, 'label_txt': 'Scratching some part of body', 'label': 11, 'view': 'center', 'filenames': 'Sample0016_color_0045.mp4', 'durations': 12}"
1285,18,Sample0017_color_0019.mp4,train,47,center,"[0.0, 0.0, 0.0, 0.0, 0.0, 0.0, 0.0, 0.0, 0.0, 0.0, 1.0, 0.0, 0.0, 0.0, 0.0, 0.0, 0.0]","{'sample_id': '0017_0019', 'start_frame': 4782, 'end_frame': 4829, 'label_txt': 'Scratching some part of body', 'label': 11, 'view': 'center', 'filenames': 'Sample0017_color_0019.mp4', 'durations': 47}"
1318,51,Sample0017_color_0052.mp4,train,99,center,"[0.0, 0.0, 0.0, 0.0, 0.0, 0.0, 0.0, 0.0, 0.0, 0.0, 1.0, 0.0, 0.0, 0.0, 0.0, 0.0, 0.0]","{'sample_id': '0017_0052', 'start_frame': 8955, 'end_frame': 9054, 'label_txt': 'Scratching some part of body', 'label': 11, 'view': 'center', 'filenames': 'Sample0017_color_0052.mp4', 'durations': 99}"
1356,3,Sample0018_color_0004.mp4,train,43,center,"[0.0, 0.0, 0.0, 0.0, 0.0, 0.0, 0.0, 0.0, 0.0, 0.0, 1.0, 0.0, 0.0, 0.0, 0.0, 0.0, 0.0]","{'sample_id': '0018_0004', 'start_frame': 1369, 'end_frame': 1412, 'label_txt': 'Scratching some part of body', 'label': 11, 'view': 'center', 'filenames': 'Sample0018_color_0004.mp4', 'durations': 43}"
121,38,Sample0004_color_0039.mp4,train,64,center,"[0.0, 0.0, 0.0, 0.0, 0.0, 0.0, 0.0, 0.0, 0.0, 0.0, 0.0, 1.0, 0.0, 0.0, 0.0, 0.0, 0.0]","{'sample_id': '0004_0039', 'start_frame': 10914, 'end_frame': 10978, 'label_txt': 'Scratching or touching facial parts other than eyes', 'label': 12, 'view': 'center', 'filenames': 'Sample0004_color_0039.mp4', 'durations': 64}"
287,109,Sample0005_color_0110.mp4,train,57,center,"[0.0, 0.0, 0.0, 0.0, 0.0, 0.0, 0.0, 0.0, 0.0, 0.0, 0.0, 1.0, 0.0, 0.0, 0.0, 0.0, 0.0]","{'sample_id': '0005_0110', 'start_frame': 25814, 'end_frame': 25871, 'label_txt': 'Scratching or touching facial parts other than eyes', 'label': 12, 'view': 'center', 'filenames': 'Sample0005_color_0110.mp4', 'durations': 57}"
656,121,Sample0010_color_0122.mp4,train,78,center,"[0.0, 0.0, 0.0, 0.0, 0.0, 0.0, 0.0, 0.0, 0.0, 0.0, 0.0, 1.0, 0.0, 0.0, 0.0, 0.0, 0.0]","{'sample_id': '0010_0122', 'start_frame': 19778, 'end_frame': 19856, 'label_txt': 'Scratching or touching facial parts other than eyes', 'label': 12, 'view': 'center', 'filenames': 'Sample0010_color_0122.mp4', 'durations': 78}"
968,12,Sample0014_color_0013.mp4,train,22,center,"[0.0, 0.0, 0.0, 0.0, 0.0, 0.0, 0.0, 0.0, 0.0, 0.0, 0.0, 1.0, 0.0, 0.0, 0.0, 0.0, 0.0]","{'sample_id': '0014_0013', 'start_frame': 9480, 'end_frame': 9502, 'label_txt': 'Scratching or touching facial parts other than eyes', 'label': 12, 'view': 'center', 'filenames': 'Sample0014_color_0013.mp4', 'durations': 22}"
1173,2,Sample0016_color_0003.mp4,train,183,center,"[0.0, 0.0, 0.0, 0.0, 0.0, 0.0, 0.0, 0.0, 0.0, 0.0, 0.0, 1.0, 0.0, 0.0, 0.0, 0.0, 0.0]","{'sample_id': '0016_0003', 'start_frame': 814, 'end_frame': 997, 'label_txt': 'Scratching or touching facial parts other than eyes', 'label': 12, 'view': 'center', 'filenames': 'Sample0016_color_0003.mp4', 'durations': 183}"
1231,60,Sample0016_color_0061.mp4,train,29,center,"[0.0, 0.0, 0.0, 0.0, 0.0, 0.0, 0.0, 0.0, 0.0, 0.0, 0.0, 1.0, 0.0, 0.0, 0.0, 0.0, 0.0]","{'sample_id': '0016_0061', 'start_frame': 16523, 'end_frame': 16552, 'label_txt': 'Scratching or touching facial parts other than eyes', 'label': 12, 'view': 'center', 'filenames': 'Sample0016_color_0061.mp4', 'durations': 29}"
1232,61,Sample0016_color_0062.mp4,train,33,center,"[0.0, 0.0, 0.0, 0.0, 0.0, 0.0, 0.0, 0.0, 0.0, 0.0, 0.0, 1.0, 0.0, 0.0, 0.0, 0.0, 0.0]","{'sample_id': '0016_0062', 'start_frame': 16583, 'end_frame': 16616, 'label_txt': 'Scratching or touching facial parts other than eyes', 'label': 12, 'view': 'center', 'filenames': 'Sample0016_color_0062.mp4', 'durations': 33}"
1399,46,Sample0018_color_0047.mp4,train,68,center,"[0.0, 0.0, 0.0, 0.0, 0.0, 0.0, 0.0, 0.0, 0.0, 0.0, 0.0, 1.0, 0.0, 0.0, 0.0, 0.0, 0.0]","{'sample_id': '0018_0047', 'start_frame': 9720, 'end_frame': 9788, 'label_txt': 'Scratching or touching facial parts other than eyes', 'label': 12, 'view': 'center', 'filenames': 'Sample0018_color_0047.mp4', 'durations': 68}"
1613,1,Sample0021_color_0002.mp4,train,24,center,"[0.0, 0.0, 0.0, 0.0, 0.0, 0.0, 0.0, 0.0, 0.0, 0.0, 0.0, 1.0, 0.0, 0.0, 0.0, 0.0, 0.0]","{'sample_id': '0021_0002', 'start_frame': 742, 'end_frame': 766, 'label_txt': 'Scratching or touching facial parts other than eyes', 'label': 12, 'view': 'center', 'filenames': 'Sample0021_color_0002.mp4', 'durations': 24}"
1692,29,Sample0022_color_0030.mp4,train,28,center,"[0.0, 0.0, 0.0, 0.0, 0.0, 0.0, 0.0, 0.0, 0.0, 0.0, 0.0, 1.0, 0.0, 0.0, 0.0, 0.0, 0.0]","{'sample_id': '0022_0030', 'start_frame': 5083, 'end_frame': 5111, 'label_txt': 'Scratching or touching facial parts other than eyes', 'label': 12, 'view': 'center', 'filenames': 'Sample0022_color_0030.mp4', 'durations': 28}"
1850,40,Sample0024_color_0041.mp4,train,28,center,"[0.0, 0.0, 0.0, 0.0, 0.0, 0.0, 0.0, 0.0, 0.0, 0.0, 0.0, 1.0, 0.0, 0.0, 0.0, 0.0, 0.0]","{'sample_id': '0024_0041', 'start_frame': 19169, 'end_frame': 19197, 'label_txt': 'Scratching or touching facial parts other than eyes', 'label': 12, 'view': 'center', 'filenames': 'Sample0024_color_0041.mp4', 'durations': 28}"
1985,83,Sample0026_color_0084.mp4,train,41,center,"[0.0, 0.0, 0.0, 0.0, 0.0, 0.0, 0.0, 0.0, 0.0, 0.0, 0.0, 1.0, 0.0, 0.0, 0.0, 0.0, 0.0]","{'sample_id': '0026_0084', 'start_frame': 21580, 'end_frame': 21621, 'label_txt': 'Scratching or touching facial parts other than eyes', 'label': 12, 'view': 'center', 'filenames': 'Sample0026_color_0084.mp4', 'durations': 41}"
2407,11,Sample0030_color_0012.mp4,train,30,center,"[0.0, 0.0, 0.0, 0.0, 0.0, 0.0, 0.0, 0.0, 0.0, 0.0, 0.0, 1.0, 0.0, 0.0, 0.0, 0.0, 0.0]","{'sample_id': '0030_0012', 'start_frame': 4968, 'end_frame': 4998, 'label_txt': 'Scratching or touching facial parts other than eyes', 'label': 12, 'view': 'center', 'filenames': 'Sample0030_color_0012.mp4', 'durations': 30}"
2412,16,Sample0030_color_0017.mp4,train,79,center,"[0.0, 0.0, 0.0, 0.0, 0.0, 0.0, 0.0, 0.0, 0.0, 0.0, 0.0, 1.0, 0.0, 0.0, 0.0, 0.0, 0.0]","{'sample_id': '0030_0017', 'start_frame': 5538, 'end_frame': 5617, 'label_txt': 'Scratching or touching facial parts other than eyes', 'label': 12, 'view': 'center', 'filenames': 'Sample0030_color_0017.mp4', 'durations': 79}"
289,0,Sample0006_color_0001.mp4,train,52,center,"[0.0, 0.0, 0.0, 0.0, 0.0, 0.0, 0.0, 0.0, 0.0, 0.0, 0.0, 0.0, 1.0, 0.0, 0.0, 0.0, 0.0]","{'sample_id': '0006_0001', 'start_frame': 43, 'end_frame': 95, 'label_txt': 'Playing or adjusting hair', 'label': 13, 'view': 'center', 'filenames': 'Sample0006_color_0001.mp4', 'durations': 52}"
317,28,Sample0006_color_0029.mp4,train,44,center,"[0.0, 0.0, 0.0, 0.0, 0.0, 0.0, 0.0, 0.0, 0.0, 0.0, 0.0, 0.0, 1.0, 0.0, 0.0, 0.0, 0.0]","{'sample_id': '0006_0029', 'start_frame': 9939, 'end_frame': 9983, 'label_txt': 'Playing or adjusting hair', 'label': 13, 'view': 'center', 'filenames': 'Sample0006_color_0029.mp4', 'durations': 44}"
347,58,Sample0006_color_0059.mp4,train,84,center,"[0.0, 0.0, 0.0, 0.0, 0.0, 0.0, 0.0, 0.0, 0.0, 0.0, 0.0, 0.0, 1.0, 0.0, 0.0, 0.0, 0.0]","{'sample_id': '0006_0059', 'start_frame': 19764, 'end_frame': 19848, 'label_txt': 'Playing or adjusting hair', 'label': 13, 'view': 'center', 'filenames': 'Sample0006_color_0059.mp4', 'durations': 84}"
482,9,Sample0009_color_0010.mp4,train,66,center,"[0.0, 0.0, 0.0, 0.0, 0.0, 0.0, 0.0, 0.0, 0.0, 0.0, 0.0, 0.0, 1.0, 0.0, 0.0, 0.0, 0.0]","{'sample_id': '0009_0010', 'start_frame': 3447, 'end_frame': 3513, 'label_txt': 'Playing or adjusting hair', 'label': 13, 'view': 'center', 'filenames': 'Sample0009_color_0010.mp4', 'durations': 66}"
911,103,Sample0013_color_0104.mp4,train,83,center,"[0.0, 0.0, 0.0, 0.0, 0.0, 0.0, 0.0, 0.0, 0.0, 0.0, 0.0, 0.0, 1.0, 0.0, 0.0, 0.0, 0.0]","{'sample_id': '0013_0104', 'start_frame': 16906, 'end_frame': 16989, 'label_txt': 'Playing or adjusting hair', 'label': 13, 'view': 'center', 'filenames': 'Sample0013_color_0104.mp4', 'durations': 83}"
950,142,Sample0013_color_0143.mp4,train,116,center,"[0.0, 0.0, 0.0, 0.0, 0.0, 0.0, 0.0, 0.0, 0.0, 0.0, 0.0, 0.0, 1.0, 0.0, 0.0, 0.0, 0.0]","{'sample_id': '0013_0143', 'start_frame': 22014, 'end_frame': 22130, 'label_txt': 'Playing or adjusting hair', 'label': 13, 'view': 'center', 'filenames': 'Sample0013_color_0143.mp4', 'durations': 116}"
1672,9,Sample0022_color_0010.mp4,train,34,center,"[0.0, 0.0, 0.0, 0.0, 0.0, 0.0, 0.0, 0.0, 0.0, 0.0, 0.0, 0.0, 1.0, 0.0, 0.0, 0.0, 0.0]","{'sample_id': '0022_0010', 'start_frame': 1858, 'end_frame': 1892, 'label_txt': 'Playing or adjusting hair', 'label': 13, 'view': 'center', 'filenames': 'Sample0022_color_0010.mp4', 'durations': 34}"
1745,82,Sample0022_color_0083.mp4,train,45,center,"[0.0, 0.0, 0.0, 0.0, 0.0, 0.0, 0.0, 0.0, 0.0, 0.0, 0.0, 0.0, 1.0, 0.0, 0.0, 0.0, 0.0]","{'sample_id': '0022_0083', 'start_frame': 19318, 'end_frame': 19363, 'label_txt': 'Playing or adjusting hair', 'label': 13, 'view': 'center', 'filenames': 'Sample0022_color_0083.mp4', 'durations': 45}"
2313,20,Sample0028_color_0021.mp4,train,445,center,"[0.0, 0.0, 0.0, 0.0, 0.0, 0.0, 0.0, 0.0, 0.0, 0.0, 0.0, 0.0, 1.0, 0.0, 0.0, 0.0, 0.0]","{'sample_id': '0028_0021', 'start_frame': 6150, 'end_frame': 6595, 'label_txt': 'Playing or adjusting hair', 'label': 13, 'view': 'center', 'filenames': 'Sample0028_color_0021.mp4', 'durations': 445}"
2314,21,Sample0028_color_0022.mp4,train,188,center,"[0.0, 0.0, 0.0, 0.0, 0.0, 0.0, 0.0, 0.0, 0.0, 0.0, 0.0, 0.0, 1.0, 0.0, 0.0, 0.0, 0.0]","{'sample_id': '0028_0022', 'start_frame': 6596, 'end_frame': 6784, 'label_txt': 'Playing or adjusting hair', 'label': 13, 'view': 'center', 'filenames': 'Sample0028_color_0022.mp4', 'durations': 188}"
58,26,Sample0002_color_0027.mp4,train,47,center,"[0.0, 0.0, 0.0, 0.0, 0.0, 0.0, 0.0, 0.0, 0.0, 0.0, 0.0, 0.0, 0.0, 1.0, 0.0, 0.0, 0.0]","{'sample_id': '0002_0027', 'start_frame': 20135, 'end_frame': 20182, 'label_txt': 'Holding arms', 'label': 14, 'view': 'center', 'filenames': 'Sample0002_color_0027.mp4', 'durations': 47}"
73,9,Sample0003_color_0010.mp4,train,67,center,"[0.0, 0.0, 0.0, 0.0, 0.0, 0.0, 0.0, 0.0, 0.0, 0.0, 0.0, 0.0, 0.0, 1.0, 0.0, 0.0, 0.0]","{'sample_id': '0003_0010', 'start_frame': 18239, 'end_frame': 18306, 'label_txt': 'Holding arms', 'label': 14, 'view': 'center', 'filenames': 'Sample0003_color_0010.mp4', 'durations': 67}"
77,13,Sample0003_color_0014.mp4,train,131,center,"[0.0, 0.0, 0.0, 0.0, 0.0, 0.0, 0.0, 0.0, 0.0, 0.0, 0.0, 0.0, 0.0, 1.0, 0.0, 0.0, 0.0]","{'sample_id': '0003_0014', 'start_frame': 20168, 'end_frame': 20299, 'label_txt': 'Holding arms', 'label': 14, 'view': 'center', 'filenames': 'Sample0003_color_0014.mp4', 'durations': 131}"
79,15,Sample0003_color_0016.mp4,train,26,center,"[0.0, 0.0, 0.0, 0.0, 0.0, 0.0, 0.0, 0.0, 0.0, 0.0, 0.0, 0.0, 0.0, 1.0, 0.0, 0.0, 0.0]","{'sample_id': '0003_0016', 'start_frame': 23729, 'end_frame': 23755, 'label_txt': 'Holding arms', 'label': 14, 'view': 'center', 'filenames': 'Sample0003_color_0016.mp4', 'durations': 26}"
139,56,Sample0004_color_0057.mp4,train,22,center,"[0.0, 0.0, 0.0, 0.0, 0.0, 0.0, 0.0, 0.0, 0.0, 0.0, 0.0, 0.0, 0.0, 1.0, 0.0, 0.0, 0.0]","{'sample_id': '0004_0057', 'start_frame': 19595, 'end_frame': 19617, 'label_txt': 'Holding arms', 'label': 14, 'view': 'center', 'filenames': 'Sample0004_color_0057.mp4', 'durations': 22}"
849,41,Sample0013_color_0042.mp4,train,67,center,"[0.0, 0.0, 0.0, 0.0, 0.0, 0.0, 0.0, 0.0, 0.0, 0.0, 0.0, 0.0, 0.0, 1.0, 0.0, 0.0, 0.0]","{'sample_id': '0013_0042', 'start_frame': 8850, 'end_frame': 8917, 'label_txt': 'Holding arms', 'label': 14, 'view': 'center', 'filenames': 'Sample0013_color_0042.mp4', 'durations': 67}"
876,68,Sample0013_color_0069.mp4,train,28,center,"[0.0, 0.0, 0.0, 0.0, 0.0, 0.0, 0.0, 0.0, 0.0, 0.0, 0.0, 0.0, 0.0, 1.0, 0.0, 0.0, 0.0]","{'sample_id': '0013_0069', 'start_frame': 13020, 'end_frame': 13048, 'label_txt': 'Holding arms', 'label': 14, 'view': 'center', 'filenames': 'Sample0013_color_0069.mp4', 'durations': 28}"
1214,43,Sample0016_color_0044.mp4,train,54,center,"[0.0, 0.0, 0.0, 0.0, 0.0, 0.0, 0.0, 0.0, 0.0, 0.0, 0.0, 0.0, 0.0, 1.0, 0.0, 0.0, 0.0]","{'sample_id': '0016_0044', 'start_frame': 12902, 'end_frame': 12956, 'label_txt': 'Holding arms', 'label': 14, 'view': 'center', 'filenames': 'Sample0016_color_0044.mp4', 'durations': 54}"
1464,17,Sample0019_color_0018.mp4,train,40,center,"[0.0, 0.0, 0.0, 0.0, 0.0, 0.0, 0.0, 0.0, 0.0, 0.0, 0.0, 0.0, 0.0, 1.0, 0.0, 0.0, 0.0]","{'sample_id': '0019_0018', 'start_frame': 5553, 'end_frame': 5593, 'label_txt': 'Holding arms', 'label': 14, 'view': 'center', 'filenames': 'Sample0019_color_0018.mp4', 'durations': 40}"
1579,54,Sample0020_color_0055.mp4,train,25,center,"[0.0, 0.0, 0.0, 0.0, 0.0, 0.0, 0.0, 0.0, 0.0, 0.0, 0.0, 0.0, 0.0, 1.0, 0.0, 0.0, 0.0]","{'sample_id': '0020_0055', 'start_frame': 15473, 'end_frame': 15498, 'label_txt': 'Holding arms', 'label': 14, 'view': 'center', 'filenames': 'Sample0020_color_0055.mp4', 'durations': 25}"
1670,7,Sample0022_color_0008.mp4,train,81,center,"[0.0, 0.0, 0.0, 0.0, 0.0, 0.0, 0.0, 0.0, 0.0, 0.0, 0.0, 0.0, 0.0, 1.0, 0.0, 0.0, 0.0]","{'sample_id': '0022_0008', 'start_frame': 1524, 'end_frame': 1605, 'label_txt': 'Holding arms', 'label': 14, 'view': 'center', 'filenames': 'Sample0022_color_0008.mp4', 'durations': 81}"
1759,96,Sample0022_color_0097.mp4,train,43,center,"[0.0, 0.0, 0.0, 0.0, 0.0, 0.0, 0.0, 0.0, 0.0, 0.0, 0.0, 0.0, 0.0, 1.0, 0.0, 0.0, 0.0]","{'sample_id': '0022_0097', 'start_frame': 20814, 'end_frame': 20857, 'label_txt': 'Holding arms', 'label': 14, 'view': 'center', 'filenames': 'Sample0022_color_0097.mp4', 'durations': 43}"
1933,31,Sample0026_color_0032.mp4,train,244,center,"[0.0, 0.0, 0.0, 0.0, 0.0, 0.0, 0.0, 0.0, 0.0, 0.0, 0.0, 0.0, 0.0, 1.0, 0.0, 0.0, 0.0]","{'sample_id': '0026_0032', 'start_frame': 10776, 'end_frame': 11020, 'label_txt': 'Holding arms', 'label': 14, 'view': 'center', 'filenames': 'Sample0026_color_0032.mp4', 'durations': 244}"
1935,33,Sample0026_color_0034.mp4,train,61,center,"[0.0, 0.0, 0.0, 0.0, 0.0, 0.0, 0.0, 0.0, 0.0, 0.0, 0.0, 0.0, 0.0, 1.0, 0.0, 0.0, 0.0]","{'sample_id': '0026_0034', 'start_frame': 11331, 'end_frame': 11392, 'label_txt': 'Holding arms', 'label': 14, 'view': 'center', 'filenames': 'Sample0026_color_0034.mp4', 'durations': 61}"
0,0,Sample0001_color_0001.mp4,train,76,center,"[0.0, 0.0, 0.0, 0.0, 0.0, 0.0, 0.0, 0.0, 0.0, 0.0, 0.0, 0.0, 0.0, 0.0, 1.0, 0.0, 0.0]","{'sample_id': '0001_0001', 'start_frame': 100, 'end_frame': 176, 'label_txt': 'Pulling shirt collar', 'label': 15, 'view': 'center', 'filenames': 'Sample0001_color_0001.mp4', 'durations': 76}"
322,33,Sample0006_color_0034.mp4,train,87,center,"[0.0, 0.0, 0.0, 0.0, 0.0, 0.0, 0.0, 0.0, 0.0, 0.0, 0.0, 0.0, 0.0, 0.0, 1.0, 0.0, 0.0]","{'sample_id': '0006_0034', 'start_frame': 12150, 'end_frame': 12237, 'label_txt': 'Pulling shirt collar', 'label': 15, 'view': 'center', 'filenames': 'Sample0006_color_0034.mp4', 'durations': 87}"
1219,48,Sample0016_color_0049.mp4,train,77,center,"[0.0, 0.0, 0.0, 0.0, 0.0, 0.0, 0.0, 0.0, 0.0, 0.0, 0.0, 0.0, 0.0, 0.0, 1.0, 0.0, 0.0]","{'sample_id': '0016_0049', 'start_frame': 14131, 'end_frame': 14208, 'label_txt': 'Pulling shirt collar', 'label': 15, 'view': 'center', 'filenames': 'Sample0016_color_0049.mp4', 'durations': 77}"
1234,63,Sample0016_color_0064.mp4,train,52,center,"[0.0, 0.0, 0.0, 0.0, 0.0, 0.0, 0.0, 0.0, 0.0, 0.0, 0.0, 0.0, 0.0, 0.0, 1.0, 0.0, 0.0]","{'sample_id': '0016_0064', 'start_frame': 17857, 'end_frame': 17909, 'label_txt': 'Pulling shirt collar', 'label': 15, 'view': 'center', 'filenames': 'Sample0016_color_0064.mp4', 'durations': 52}"
1245,74,Sample0016_color_0075.mp4,train,35,center,"[0.0, 0.0, 0.0, 0.0, 0.0, 0.0, 0.0, 0.0, 0.0, 0.0, 0.0, 0.0, 0.0, 0.0, 1.0, 0.0, 0.0]","{'sample_id': '0016_0075', 'start_frame': 19577, 'end_frame': 19612, 'label_txt': 'Pulling shirt collar', 'label': 15, 'view': 'center', 'filenames': 'Sample0016_color_0075.mp4', 'durations': 35}"
1443,90,Sample0018_color_0091.mp4,train,118,center,"[0.0, 0.0, 0.0, 0.0, 0.0, 0.0, 0.0, 0.0, 0.0, 0.0, 0.0, 0.0, 0.0, 0.0, 1.0, 0.0, 0.0]","{'sample_id': '0018_0091', 'start_frame': 23077, 'end_frame': 23195, 'label_txt': 'Pulling shirt collar', 'label': 15, 'view': 'center', 'filenames': 'Sample0018_color_0091.mp4', 'durations': 118}"
1552,27,Sample0020_color_0028.mp4,train,63,center,"[0.0, 0.0, 0.0, 0.0, 0.0, 0.0, 0.0, 0.0, 0.0, 0.0, 0.0, 0.0, 0.0, 0.0, 1.0, 0.0, 0.0]","{'sample_id': '0020_0028', 'start_frame': 6609, 'end_frame': 6672, 'label_txt': 'Pulling shirt collar', 'label': 15, 'view': 'center', 'filenames': 'Sample0020_color_0028.mp4', 'durations': 63}"
1577,52,Sample0020_color_0053.mp4,train,45,center,"[0.0, 0.0, 0.0, 0.0, 0.0, 0.0, 0.0, 0.0, 0.0, 0.0, 0.0, 0.0, 0.0, 0.0, 1.0, 0.0, 0.0]","{'sample_id': '0020_0053', 'start_frame': 15317, 'end_frame': 15362, 'label_txt': 'Pulling shirt collar', 'label': 15, 'view': 'center', 'filenames': 'Sample0020_color_0053.mp4', 'durations': 45}"
1607,82,Sample0020_color_0083.mp4,train,38,center,"[0.0, 0.0, 0.0, 0.0, 0.0, 0.0, 0.0, 0.0, 0.0, 0.0, 0.0, 0.0, 0.0, 0.0, 1.0, 0.0, 0.0]","{'sample_id': '0020_0083', 'start_frame': 19602, 'end_frame': 19640, 'label_txt': 'Pulling shirt collar', 'label': 15, 'view': 'center', 'filenames': 'Sample0020_color_0083.mp4', 'durations': 38}"
1695,32,Sample0022_color_0033.mp4,train,56,center,"[0.0, 0.0, 0.0, 0.0, 0.0, 0.0, 0.0, 0.0, 0.0, 0.0, 0.0, 0.0, 0.0, 0.0, 1.0, 0.0, 0.0]","{'sample_id': '0022_0033', 'start_frame': 5698, 'end_frame': 5754, 'label_txt': 'Pulling shirt collar', 'label': 15, 'view': 'center', 'filenames': 'Sample0022_color_0033.mp4', 'durations': 56}"
1800,9,Sample0023_color_0010.mp4,train,59,center,"[0.0, 0.0, 0.0, 0.0, 0.0, 0.0, 0.0, 0.0, 0.0, 0.0, 0.0, 0.0, 0.0, 0.0, 1.0, 0.0, 0.0]","{'sample_id': '0023_0010', 'start_frame': 7549, 'end_frame': 7608, 'label_txt': 'Pulling shirt collar', 'label': 15, 'view': 'center', 'filenames': 'Sample0023_color_0010.mp4', 'durations': 59}"
116,33,Sample0004_color_0034.mp4,train,134,center,"[0.0, 0.0, 0.0, 0.0, 0.0, 0.0, 0.0, 0.0, 0.0, 0.0, 0.0, 0.0, 0.0, 0.0, 0.0, 1.0, 0.0]","{'sample_id': '0004_0034', 'start_frame': 10074, 'end_frame': 10208, 'label_txt': 'Playing with jewelry, and manipulating other objects', 'label': 16, 'view': 'center', 'filenames': 'Sample0004_color_0034.mp4', 'durations': 134}"
154,71,Sample0004_color_0072.mp4,train,228,center,"[0.0, 0.0, 0.0, 0.0, 0.0, 0.0, 0.0, 0.0, 0.0, 0.0, 0.0, 0.0, 0.0, 0.0, 0.0, 1.0, 0.0]","{'sample_id': '0004_0072', 'start_frame': 22095, 'end_frame': 22323, 'label_txt': 'Playing with jewelry, and manipulating other objects', 'label': 16, 'view': 'center', 'filenames': 'Sample0004_color_0072.mp4', 'durations': 228}"
341,52,Sample0006_color_0053.mp4,train,149,center,"[0.0, 0.0, 0.0, 0.0, 0.0, 0.0, 0.0, 0.0, 0.0, 0.0, 0.0, 0.0, 0.0, 0.0, 0.0, 1.0, 0.0]","{'sample_id': '0006_0053', 'start_frame': 18161, 'end_frame': 18310, 'label_txt': 'Playing with jewelry, and manipulating other objects', 'label': 16, 'view': 'center', 'filenames': 'Sample0006_color_0053.mp4', 'durations': 149}"
357,68,Sample0006_color_0069.mp4,train,37,center,"[0.0, 0.0, 0.0, 0.0, 0.0, 0.0, 0.0, 0.0, 0.0, 0.0, 0.0, 0.0, 0.0, 0.0, 0.0, 1.0, 0.0]","{'sample_id': '0006_0069', 'start_frame': 21597, 'end_frame': 21634, 'label_txt': 'Playing with jewelry, and manipulating other objects', 'label': 16, 'view': 'center', 'filenames': 'Sample0006_color_0069.mp4', 'durations': 37}"
857,49,Sample0013_color_0050.mp4,train,48,center,"[0.0, 0.0, 0.0, 0.0, 0.0, 0.0, 0.0, 0.0, 0.0, 0.0, 0.0, 0.0, 0.0, 0.0, 0.0, 1.0, 0.0]","{'sample_id': '0013_0050', 'start_frame': 10573, 'end_frame': 10621, 'label_txt': 'Playing with jewelry, and manipulating other objects', 'label': 16, 'view': 'center', 'filenames': 'Sample0013_color_0050.mp4', 'durations': 48}"
904,96,Sample0013_color_0097.mp4,train,35,center,"[0.0, 0.0, 0.0, 0.0, 0.0, 0.0, 0.0, 0.0, 0.0, 0.0, 0.0, 0.0, 0.0, 0.0, 0.0, 1.0, 0.0]","{'sample_id': '0013_0097', 'start_frame': 15315, 'end_frame': 15350, 'label_txt': 'Playing with jewelry, and manipulating other objects', 'label': 16, 'view': 'center', 'filenames': 'Sample0013_color_0097.mp4', 'durations': 35}"
907,99,Sample0013_color_0100.mp4,train,36,center,"[0.0, 0.0, 0.0, 0.0, 0.0, 0.0, 0.0, 0.0, 0.0, 0.0, 0.0, 0.0, 0.0, 0.0, 0.0, 1.0, 0.0]","{'sample_id': '0013_0100', 'start_frame': 16148, 'end_frame': 16184, 'label_txt': 'Playing with jewelry, and manipulating other objects', 'label': 16, 'view': 'center', 'filenames': 'Sample0013_color_0100.mp4', 'durations': 36}"
908,100,Sample0013_color_0101.mp4,train,21,center,"[0.0, 0.0, 0.0, 0.0, 0.0, 0.0, 0.0, 0.0, 0.0, 0.0, 0.0, 0.0, 0.0, 0.0, 0.0, 1.0, 0.0]","{'sample_id': '0013_0101', 'start_frame': 16185, 'end_frame': 16206, 'label_txt': 'Playing with jewelry, and manipulating other objects', 'label': 16, 'view': 'center', 'filenames': 'Sample0013_color_0101.mp4', 'durations': 21}"
946,138,Sample0013_color_0139.mp4,train,45,center,"[0.0, 0.0, 0.0, 0.0, 0.0, 0.0, 0.0, 0.0, 0.0, 0.0, 0.0, 0.0, 0.0, 0.0, 0.0, 1.0, 0.0]","{'sample_id': '0013_0139', 'start_frame': 21158, 'end_frame': 21203, 'label_txt': 'Playing with jewelry, and manipulating other objects', 'label': 16, 'view': 'center', 'filenames': 'Sample0013_color_0139.mp4', 'durations': 45}"
1274,7,Sample0017_color_0008.mp4,train,108,center,"[0.0, 0.0, 0.0, 0.0, 0.0, 0.0, 0.0, 0.0, 0.0, 0.0, 0.0, 0.0, 0.0, 0.0, 0.0, 1.0, 0.0]","{'sample_id': '0017_0008', 'start_frame': 3149, 'end_frame': 3257, 'label_txt': 'Playing with jewelry, and manipulating other objects', 'label': 16, 'view': 'center', 'filenames': 'Sample0017_color_0008.mp4', 'durations': 108}"
1275,8,Sample0017_color_0009.mp4,train,162,center,"[0.0, 0.0, 0.0, 0.0, 0.0, 0.0, 0.0, 0.0, 0.0, 0.0, 0.0, 0.0, 0.0, 0.0, 0.0, 1.0, 0.0]","{'sample_id': '0017_0009', 'start_frame': 3314, 'end_frame': 3476, 'label_txt': 'Playing with jewelry, and manipulating other objects', 'label': 16, 'view': 'center', 'filenames': 'Sample0017_color_0009.mp4', 'durations': 162}"
1283,16,Sample0017_color_0017.mp4,train,131,center,"[0.0, 0.0, 0.0, 0.0, 0.0, 0.0, 0.0, 0.0, 0.0, 0.0, 0.0, 0.0, 0.0, 0.0, 0.0, 1.0, 0.0]","{'sample_id': '0017_0017', 'start_frame': 4066, 'end_frame': 4197, 'label_txt': 'Playing with jewelry, and manipulating other objects', 'label': 16, 'view': 'center', 'filenames': 'Sample0017_color_0017.mp4', 'durations': 131}"
1309,42,Sample0017_color_0043.mp4,train,28,center,"[0.0, 0.0, 0.0, 0.0, 0.0, 0.0, 0.0, 0.0, 0.0, 0.0, 0.0, 0.0, 0.0, 0.0, 0.0, 1.0, 0.0]","{'sample_id': '0017_0043', 'start_frame': 7775, 'end_frame': 7803, 'label_txt': 'Playing with jewelry, and manipulating other objects', 'label': 16, 'view': 'center', 'filenames': 'Sample0017_color_0043.mp4', 'durations': 28}"
1322,55,Sample0017_color_0056.mp4,train,55,center,"[0.0, 0.0, 0.0, 0.0, 0.0, 0.0, 0.0, 0.0, 0.0, 0.0, 0.0, 0.0, 0.0, 0.0, 0.0, 1.0, 0.0]","{'sample_id': '0017_0056', 'start_frame': 9470, 'end_frame': 9525, 'label_txt': 'Playing with jewelry, and manipulating other objects', 'label': 16, 'view': 'center', 'filenames': 'Sample0017_color_0056.mp4', 'durations': 55}"
1328,61,Sample0017_color_0062.mp4,train,77,center,"[0.0, 0.0, 0.0, 0.0, 0.0, 0.0, 0.0, 0.0, 0.0, 0.0, 0.0, 0.0, 0.0, 0.0, 0.0, 1.0, 0.0]","{'sample_id': '0017_0062', 'start_frame': 11812, 'end_frame': 11889, 'label_txt': 'Playing with jewelry, and manipulating other objects', 'label': 16, 'view': 'center', 'filenames': 'Sample0017_color_0062.mp4', 'durations': 77}"
1772,109,Sample0022_color_0110.mp4,train,52,center,"[0.0, 0.0, 0.0, 0.0, 0.0, 0.0, 0.0, 0.0, 0.0, 0.0, 0.0, 0.0, 0.0, 0.0, 0.0, 1.0, 0.0]","{'sample_id': '0022_0110', 'start_frame': 22632, 'end_frame': 22684, 'label_txt': 'Playing with jewelry, and manipulating other objects', 'label': 16, 'view': 'center', 'filenames': 'Sample0022_color_0110.mp4', 'durations': 52}"
1926,24,Sample0026_color_0025.mp4,train,66,center,"[0.0, 0.0, 0.0, 0.0, 0.0, 0.0, 0.0, 0.0, 0.0, 0.0, 0.0, 0.0, 0.0, 0.0, 0.0, 1.0, 0.0]","{'sample_id': '0026_0025', 'start_frame': 9758, 'end_frame': 9824, 'label_txt': 'Playing with jewelry, and manipulating other objects', 'label': 16, 'view': 'center', 'filenames': 'Sample0026_color_0025.mp4', 'durations': 66}"
1937,35,Sample0026_color_0036.mp4,train,148,center,"[0.0, 0.0, 0.0, 0.0, 0.0, 0.0, 0.0, 0.0, 0.0, 0.0, 0.0, 0.0, 0.0, 0.0, 0.0, 1.0, 0.0]","{'sample_id': '0026_0036', 'start_frame': 11616, 'end_frame': 11764, 'label_txt': 'Playing with jewelry, and manipulating other objects', 'label': 16, 'view': 'center', 'filenames': 'Sample0026_color_0036.mp4', 'durations': 148}"
1988,86,Sample0026_color_0087.mp4,train,58,center,"[0.0, 0.0, 0.0, 0.0, 0.0, 0.0, 0.0, 0.0, 0.0, 0.0, 0.0, 0.0, 0.0, 0.0, 0.0, 1.0, 0.0]","{'sample_id': '0026_0087', 'start_frame': 21859, 'end_frame': 21917, 'label_txt': 'Playing with jewelry, and manipulating other objects', 'label': 16, 'view': 'center', 'filenames': 'Sample0026_color_0087.mp4', 'durations': 58}"
178,0,Sample0005_color_0001.mp4,train,21,center,"[0.0, 0.0, 0.0, 0.0, 0.0, 0.0, 0.0, 0.0, 0.0, 0.0, 0.0, 0.0, 0.0, 0.0, 0.0, 0.0, 1.0]","{'sample_id': '0005_0001', 'start_frame': 68, 'end_frame': 89, 'label_txt': 'Illustrative hand gestures', 'label': 17, 'view': 'center', 'filenames': 'Sample0005_color_0001.mp4', 'durations': 21}"
224,46,Sample0005_color_0047.mp4,train,32,center,"[0.0, 0.0, 0.0, 0.0, 0.0, 0.0, 0.0, 0.0, 0.0, 0.0, 0.0, 0.0, 0.0, 0.0, 0.0, 0.0, 1.0]","{'sample_id': '0005_0047', 'start_frame': 14015, 'end_frame': 14047, 'label_txt': 'Illustrative hand gestures', 'label': 17, 'view': 'center', 'filenames': 'Sample0005_color_0047.mp4', 'durations': 32}"
234,56,Sample0005_color_0057.mp4,train,22,center,"[0.0, 0.0, 0.0, 0.0, 0.0, 0.0, 0.0, 0.0, 0.0, 0.0, 0.0, 0.0, 0.0, 0.0, 0.0, 0.0, 1.0]","{'sample_id': '0005_0057', 'start_frame': 15480, 'end_frame': 15502, 'label_txt': 'Illustrative hand gestures', 'label': 17, 'view': 'center', 'filenames': 'Sample0005_color_0057.mp4', 'durations': 22}"
241,63,Sample0005_color_0064.mp4,train,49,center,"[0.0, 0.0, 0.0, 0.0, 0.0, 0.0, 0.0, 0.0, 0.0, 0.0, 0.0, 0.0, 0.0, 0.0, 0.0, 0.0, 1.0]","{'sample_id': '0005_0064', 'start_frame': 17051, 'end_frame': 17100, 'label_txt': 'Illustrative hand gestures', 'label': 17, 'view': 'center', 'filenames': 'Sample0005_color_0064.mp4', 'durations': 49}"
255,77,Sample0005_color_0078.mp4,train,30,center,"[0.0, 0.0, 0.0, 0.0, 0.0, 0.0, 0.0, 0.0, 0.0, 0.0, 0.0, 0.0, 0.0, 0.0, 0.0, 0.0, 1.0]","{'sample_id': '0005_0078', 'start_frame': 20795, 'end_frame': 20825, 'label_txt': 'Illustrative hand gestures', 'label': 17, 'view': 'center', 'filenames': 'Sample0005_color_0078.mp4', 'durations': 30}"
257,79,Sample0005_color_0080.mp4,train,61,center,"[0.0, 0.0, 0.0, 0.0, 0.0, 0.0, 0.0, 0.0, 0.0, 0.0, 0.0, 0.0, 0.0, 0.0, 0.0, 0.0, 1.0]","{'sample_id': '0005_0080', 'start_frame': 20885, 'end_frame': 20946, 'label_txt': 'Illustrative hand gestures', 'label': 17, 'view': 'center', 'filenames': 'Sample0005_color_0080.mp4', 'durations': 61}"
264,86,Sample0005_color_0087.mp4,train,47,center,"[0.0, 0.0, 0.0, 0.0, 0.0, 0.0, 0.0, 0.0, 0.0, 0.0, 0.0, 0.0, 0.0, 0.0, 0.0, 0.0, 1.0]","{'sample_id': '0005_0087', 'start_frame': 21405, 'end_frame': 21452, 'label_txt': 'Illustrative hand gestures', 'label': 17, 'view': 'center', 'filenames': 'Sample0005_color_0087.mp4', 'durations': 47}"
270,92,Sample0005_color_0093.mp4,train,22,center,"[0.0, 0.0, 0.0, 0.0, 0.0, 0.0, 0.0, 0.0, 0.0, 0.0, 0.0, 0.0, 0.0, 0.0, 0.0, 0.0, 1.0]","{'sample_id': '0005_0093', 'start_frame': 22956, 'end_frame': 22978, 'label_txt': 'Illustrative hand gestures', 'label': 17, 'view': 'center', 'filenames': 'Sample0005_color_0093.mp4', 'durations': 22}"
276,98,Sample0005_color_0099.mp4,train,30,center,"[0.0, 0.0, 0.0, 0.0, 0.0, 0.0, 0.0, 0.0, 0.0, 0.0, 0.0, 0.0, 0.0, 0.0, 0.0, 0.0, 1.0]","{'sample_id': '0005_0099', 'start_frame': 23979, 'end_frame': 24009, 'label_txt': 'Illustrative hand gestures', 'label': 17, 'view': 'center', 'filenames': 'Sample0005_color_0099.mp4', 'durations': 30}"
